序号,分类代号,分类名称,纤维代码,中文通用名,英文名称,化学命名,CAS号,代际划分,发明年代,商业化年代,首发机构/发明人,纺丝成型工艺,纺织应用领域,截面微观形态,典型线密度细度(dtex),纱线加工形态,手感风格与悬垂性,染色特性与适用染料,热湿舒适性与导湿机制,抗起球与耐磨评级,弹性与保形抗皱特性,黄金混纺配伍方案,适用织造工艺,洗涤保养与熨烫指南,生态纺织认证,密度(g/cm³),断裂强度(cN/dtex),断裂强度(GPa),拉伸模量(GPa),断裂伸长率(%),公定回潮率(%),极限氧指数LOI(%),熔点(°C),最高服役温度(°C),生物基,可生物降解,战略高性能,代表品牌/商标,典型应用领域,2026技术成熟度与产业现状
1,REG_CELL,再生纤维素纤维,CV,粘胶纤维 (普通粘胶/人造棉/人造丝),Viscose Rayon,再生纤维素 (黄原酸酯法),68442-85-3,第1代人造纤维,1891,1905,"Cross, Bevan & Beadle (英国 Courtaulds)",湿法纺丝 (硫酸/硫酸锌/硫酸钠酸浴凝固),服装用纺织品 / 家用纺织品,锯齿形边缘，明显皮芯层结构 (Serrated skin-core),1.33 - 3.3 dtex (棉型短纤/中长短纤)；40D - 120D (人造丝长丝),"人棉纱 (21S-60S), 粘胶长丝 (Rayon filament), 涡流纺气流纺纱",吸湿滑糯、悬垂性极佳、透气清凉、亲肤无静电、抗起毛起球好,活性染料、直接染料、还原染料均可在温和弱碱中易染，得色饱满鲜艳，均染性好,公定回潮率高达 13.0% (远高于棉的8.5%)；吸湿透气极度清爽，消除静电电荷,抗起球性极佳 (4-5 级，起球极少)；湿态强力下降约 40%-50%（需防湿态强揉搓）,急弹性较差，湿态容易褶皱缩水（普通人棉水洗缩水率 5%-8%）,粘胶 + 涤纶 (T/R 65/35 仿毛西服)；粘胶 + 锦纶 (增加耐磨性)；粘胶 + 棉 (吸湿舒适),圆机人棉汗布、人造丝提花里料织造、水刺无纺布湿巾,轻柔水洗或干洗，水温<40℃；避免死力拧干；中温熨烫 (<140℃) 恢复平整,"OEKO-TEX Standard 100, FSC 森林浆粕可持续认证",1.51,2.2,0.33,5.5,20.0,13.0,19.5,,120.0,是,是,否,"Danufil, Rayon, 人造丝, 人造棉",服装内衣、面料衬里、家用纺织品、医用纱布水刺无纺布、湿巾,产业规模成熟；全面升级为密闭化二硫化碳全回收环保生产线与循环再生棉浆粕源
2,REG_CELL,再生纤维素纤维,CMD,莫代尔纤维 (高湿模量粘胶纤维),Modal Fiber,高湿模量改性再生纤维素,68442-85-3,第2代差别化纤维,1951,1960s,Tachikawa (日本立川) / 兰精 (Lenzing),改性湿法纺丝 (慢凝固浴、高拉伸低酸工艺),服装用纺织品 / 家用纺织品,近圆形或腰子形，全皮层或均质无皮芯微观结构,1.0 - 1.33 dtex (精梳棉型高湿模量短纤),"紧密赛络纺短纤纱 (40S-100S 高支纱), 针织股线",软糯似羊绒、悬垂如瀑布、丝般光泽细腻、越洗越柔软,活性染料染色，上染率高，色泽鲜亮均一，耐氯漂性好于普通粘胶,公定回潮率 12.5%，干湿强度比高（湿强达到干强的 60% 以上），吸汗透湿极佳,抗起球 3-4 级；洗涤后不发硬、不变脆,抗皱保形性显著优于普通粘胶，水洗缩水率低 (<3%),莫代尔 + 精梳棉 (50/50 顶级内衣黄金混纺)；莫代尔 + 氨纶 (弹力针织贴身面料),高密单双面大圆机针织、高端床品机织大提花,常规机洗，水温 40℃，无需特殊护理，洗后自然平整垂坠,"OEKO-TEX 100 Class I, EU Ecolabel (欧盟生态之花认证)",1.52,3.4,0.52,7.0,14.0,12.5,19.5,,130.0,是,是,否,"Lenzing Modal, MicroModal",高档贴身内衣、床品家纺、高支针织面料、柔顺亲肤混纺纺织品,全球高档纺织核心原料，广泛结合环保认证榉木浆与零碳碳中和认证
3,REG_CELL,再生纤维素纤维,CLY,莱赛尔纤维 (天丝/溶剂法纤维素纤维),Lyocell Fiber,N-甲基氧化吗啉 (NMMO) 溶剂法再生纤维素,68442-85-3,第3代绿色人造纤维,1972,1992,Akzo Nobel / Courtaulds / Lenzing,干湿法纺丝 (NMMO水溶液直接物理溶解，溶剂回收率>99.5%),服装用纺织品 / 家用纺织品,极规整平滑的光滑圆形截面，无皮芯层均质结构,1.33 - 1.7 dtex (常规天丝)；1.0 - 1.2 dtex (细旦天丝),"天丝纯纺纱 (30S-80S), 天丝长丝 (Lyocell Filament), 赛络紧密纺",凉爽爽滑、真丝般光泽、悬垂挺顺、具有天然桃皮绒触感(原纤化风格),对活性染料亲和力极强，上染速度快，深色丰满纯正，节约染料染剂20%,回潮率 11.5%，具有出色的湿热调节呼吸能力，菌落附着率仅为合成纤维的千分之一,常规型在湿态机械摩擦下易产生微原纤化（桃皮绒手感），需防过度起白霜,干强与湿强俱极高（湿态强力达到干态 85%，远超粘胶与棉），保形性优秀,莱赛尔 + 亚麻 (70/30 凉爽抗皱夏装)；莱赛尔 + 棉 (60/40 亲肤家纺)；莱赛尔 + 蚕丝,高支高密喷气机织床品、牛仔布斜纹织造、高端女装轻薄机织面料,30-40℃轻柔机洗，反面洗涤，防止剧烈摩擦产生白霜，中温蒸汽熨烫,"闭环绿色工艺 (NMMO回收率>99.7%), OEKO-TEX 100, 欧盟生态标签",1.5,4.2,0.63,11.0,13.0,11.5,20.0,,140.0,是,是,否,"Tencel (天丝), Lenzing Lyocell, 中纺院绿纤",中高端服装面料、牛仔服饰、水刺高级医美无纺布、电池隔膜纸基材料,绿色纤维主导品种，百万吨级产能落地，原纤化调控与非原纤化改性技术全面成熟
4,REG_CELL,再生纤维素纤维,CUP,铜氨纤维,Cupro (Cuprammonium Rayon),氢氧化四氨合铜络合物溶剂法再生纤维素,68442-85-3,第1代人造纤维,1897,1919,Bemberg (宾霸 / 旭化成 Asahi Kasei),漏斗式湿法喷丝成形 (铜氨络合物水溶液溶解棉短绒),服装用纺织品 / 家用纺织品,极其均匀光滑的正圆形，无皮芯层结构,"0.5 - 1.3 dtex (超细旦铜氨长丝，如 30D/30f, 50D/48f)","铜氨长丝 (Cupro Filament / 宾霸丝 Bemberg), 极细高支短纤",“会呼吸的丝绸”，丝滑无阻滞感、冰润清凉、极致柔垂、优雅弱光泽,活性染料、直接染料中低温染色，上染快、色泽沉稳深邃,公定回潮率 11.0%，能瞬间吸收体表微汗并向外散发，完全消除静电吸附（不吸附裙摆）,抗起球 4-5 级；织物表面极平滑防摩擦,悬垂自如，抗静电贴合人体曲线,铜氨长丝用于顶级羊毛西服/风衣内衬 (100% Bemberg Lining)；铜氨 + 蚕丝交织,高档西服里料多臂提花织造、仿真丝绸缎机织、高端针织睡裙,高档成衣建议优质干洗或30℃轻柔手洗，平铺阴干，低温垫布熨烫 (<120℃),"GRS认证 (利用棉籽短绒副产物再生), 生物可降解认证, OEKO-TEX 100",1.52,2.3,0.35,6.5,18.0,12.0,20.0,,125.0,是,是,否,"Bemberg (宾霸), Asahi Kasei Cupro",奢华西服里料、高级真丝触感时装、透气面膜基布、超纯无尘擦拭布,以棉籽短绒为全降解原料的高端闭环制造，日本与中国新增高洁净化生产基地
5,REG_CELL,再生纤维素纤维,CA,醋酯纤维 (二醋酸纤维),Acetate Fiber (Cellulose Diacetate),二乙酰基纤维素酯,9004-35-7,第1代半合成纤维,1865,1924,Dreyfus 兄弟 (Celanese / 塞拉尼斯),干法纺丝 (丙酮溶剂溶解二醋酸纤维素，热空气挥发成形),服装用纺织品 / 家用纺织品,三叶形 / 多瓣凹槽形 (Trilobal / Multi-lobed),55D - 150D (二醋酸长丝与短纤),"醋酸长丝 (Acetate Filament), 醋酯混纺纱",极度仿真丝手感、爽滑飘逸、悬垂性极佳、光泽高贵柔和、防静电不吸身,分散染料在 70-85℃ 温和染色，色光清透纯净，严禁强碱与沸腾剧烈洗练,公定回潮率 6.5%，具有天然纤维素呼吸透气感，穿着清凉不闷热,抗起球 4-5 级；耐磨性低于锦纶涤纶，适合高档礼服内衬,抗皱性优良，尺寸稳定性好，自然下垂恢复平整,二醋酸长丝与粘胶/涤纶交织做高档时装面料；100%二醋酸用作高端风衣与西装里料,多臂喷气丝织机、经编高档时装绸缎机织,推荐专业优质干洗或30℃轻柔手洗，平铺晾干，严禁接触丙酮/香水等有机溶剂,"OEKO-TEX Standard 100, 天然木浆生物基认证",1.32,1.4,0.18,3.8,28.0,6.5,18.5,260.0,110.0,是,是,否,"Celanese Acetate, Eastman Estron",香烟滤嘴丝束、高端仿真丝礼服、轻奢围巾领带、女士缎面面料,滤嘴丝束全面推广可自然堆肥降解新型增塑剂配方，纺织领域向超细高回弹长丝扩展
6,REG_CELL,再生纤维素纤维,CTA,三醋酯纤维 (三醋酸纤维),Triacetate Fiber (Cellulose Triacetate),三乙酰基纤维素酯,9012-09-3,第2代改性半合成纤维,1894,1954,Celanese / Courtaulds,干法纺丝 (二氯甲烷/甲醇混合溶剂挥发),服装用纺织品 / 家用纺织品,微多瓣三叶形 (三醋酯截面),75D - 150D (三醋酸长丝),三醋酸高档时装长丝 (Triacetate Filament),近乎天然蚕丝的极致滑糯骨感、挺阔悬垂、珠光微泽、高贵奢华,分散染料高温高压染色 (120-130℃)，耐热耐洗性显著高于二醋酸,回潮率 3.5%，抗静电、吸湿排汗好，夏日贴身凉爽透气,抗起球 4-5 级；抗刮擦性显著优于真丝,免烫抗皱性能极佳，耐受高温热定型形成永久百褶裙裥,三醋酸 + 涤纶 (抗皱华丽礼服裙)；三醋酸 + 蚕丝 (高端新中式旗袍面料),高密丝织机缎纹、双绉织造、圆机醋酸针织面料,支持轻柔机洗，耐受熨烫温度高达 200℃ (远胜二醋酸的120℃)，易打理不易泛黄,"OEKO-TEX Standard 100, 绿色森林浆粕认证",1.3,1.2,0.16,4.0,25.0,3.5,19.0,300.0,130.0,是,是,否,"Soalon (日本三菱化学), Arnel",免烫高档西服、百褶裙、醋酸缎光礼服、光学偏光片保护膜前驱体,日本三菱化学独家技术持续垄断超高端时尚女装，环保非卤溶剂纺丝新产线落成
7,REG_CELL,再生纤维素纤维,BC,细菌纤维素纤维,Bacterial Cellulose Fiber,醋酸杆菌生物合成超微纯纤维素,68442-85-3,第4代生物工程合成纤维,1886,2010s,Brown / 现代合成生物学研究机构,生物反应发酵自组装网络，或微流控湿法定向纺丝,服装用纺织品 / 家用纺织品,三维超细纳米带状原纤网 (直径 20-100 nm 纳米纤维素网络),纳米级原纤，单丝线密度 < 0.0001 dtex,发酵成型湿态纳米凝胶水刺纤网、超微纳米保暖片材,湿态呈果冻水凝胶状、极度亲肤柔嫩、服帖无气泡、干燥后高刚挺紧密,本白无添加直接应用，或载药生物敷料直接浸润,超高保水保液率 (持水率达自重 100-200 倍)，透气不透菌，保持伤口湿性愈合,纳米网状纠缠抗拉强度极高（杨氏模量接近铝合金），耐牵拉不易撕裂,极佳三维形状追随性，紧密贴合人体皮肤微观纹理,细菌纤维素纳米网 + 壳聚糖/胶原蛋白 (复合医用人工皮肤敷料),静态生物发酵成膜、湿法复合抄纸成型,医用一次性无菌包装，天然全生物降解,"FDA 医疗器械生物相容性认证, ISO 10993",1.55,6.5,1.0,25.0,4.0,14.0,20.0,,150.0,是,是,是,"Biofibe, Nata de coco derived medical pulp",人工血管移植管腔、高阶医用创面敷料、高端声学耳机振膜、柔性显示透明基底,生物反应器规模化量产达到千吨级，微流控连续拉伸制备高模长丝实现临床级体内植入认证
8,REG_PROT,再生蛋白质纤维,SPF,大豆蛋白复合纤维,Soybean Protein Composite Fiber,大豆球蛋白/聚乙烯醇(PVA)或纤维素共混共聚物,,第3代生物质人造纤维,1937,2000,李官奇 (中国原创发明) / 江山大豆纤维,湿法纺丝 (大豆粕提取豆粕球蛋白，与高聚物共混纺丝，乙二醛或无醛交联),服装用纺织品 / 家用纺织品,扁平哑铃形 / 带有不规则微小凹槽与微孔,1.0 - 1.5 dtex (精梳棉型与毛型短纤),"精梳大豆蛋白短纤纱 (32S-60S), 蛋白丝与棉混纺纱",羊绒般软糯丰满手感、蚕丝般柔和光泽、棉纤维的保暖舒适，亲肤无刺激,活性染料与弱酸性染料均可染色，微酸性或中性浴低温深染，色泽柔和温润,公定回潮率 8.6%，透气吸汗快干，大豆异黄酮及蛋白质微量释放滋润体肤,抗起球 3-4 级；耐磨性好于真丝，强力适中,弹性回复率好，抗皱性优于普通棉粘,大豆蛋白纤维 50% + 精梳棉 50% (高端保健保暖内衣与婴儿服)；大豆蛋白 + 羊绒,圆机针织单面汗布、双面罗纹布、高档家纺提花机织,温水手洗或机洗轻柔档 (水温<40℃)，中性洗涤剂，平铺晾干，中温熨烫,"OEKO-TEX Standard 100 Class I, 生物基蛋白质纤维认证",1.29,3.0,0.39,4.5,18.0,8.6,22.0,,120.0,是,是,否,"Soybean Silk, 大豆羊绒",保暖内衣、羊绒混纺大衣、亲肤养肤床品、抗菌母婴服饰,第二代无醛生物酶交联与大豆蛋白高保留率技术全面推广，耐热水洗性大幅增强
9,REG_PROT,再生蛋白质纤维,MCF,牛奶酪蛋白纤维,Milk Casein Fiber,牛奶酪蛋白接枝共聚高分子,9000-71-9,第2代人造纤维,1935,1936 / 2000s改性,Ferretti (Lanital / 意大利) / 现代高分子共混改良,湿法纺丝 (废弃牛奶提取酪蛋白后碱溶，酸浴凝固及交联),服装用纺织品 / 家用纺织品,圆形 / 近圆形均质实心，表面光滑微孔分布,1.2 - 1.5 dtex (超柔贴身短纤),"紧密赛络纺纱线 (40S-80S), 纯纺与棉混纺针织纱",如牛奶般润滑细腻、温润贴体、触感极度柔嫩滑爽、优雅天生光泽,弱酸性及活性染料染色，染色温度 85-95℃，色光鲜嫩柔和,回潮率 8.0%，含18种天然氨基酸保湿因子，长效滋润防干痒,抗起球 3-4 级；干态强力适中，避免高强力剧烈拉扯,柔和形变贴体，垂感清爽自然,牛奶蛋白纤维 40% + 莫代尔 50% + 氨纶 10% (轻奢养肤级无痕内衣/睡衣),高针距圆机针织、贴身高端家纺床品机织,温和手洗或洗衣袋轻柔机洗，禁止氯漂与高温暴晒,OEKO-TEX Standard 100 I类 (婴幼儿安全认证),1.3,2.5,0.32,4.0,22.0,7.0,23.0,,115.0,是,是,否,"Lanital, QMilch, 普力纤维",高端轻奢内衣、婴儿贴身织物、抑菌床品家纺、高档混纺羊毛衫,全生物源无重金属交联工艺普及，利用变质牛奶资源化生产实现零石化添加
10,REG_PROT,再生蛋白质纤维,RSF,再生蚕丝蛋白纤维,Regenerated Silk Fibroin Fiber,天然蚕丝丝素蛋白再生聚合物,9007-76-5,第4代生物医用高分子纤维,1990s,2015,国内外高校科研机构及生物医用材料企业,微流控湿纺 / 静电纺丝 (天然下脚丝脱胶溶解于六氟异丙醇或氯化钙-乙醇水溶液),服装用纺织品 / 家用纺织品,微不规则光滑三角形截面 (模拟天然蚕丝三叶结晶光泽),0.8 - 1.5 dtex (高纯再生丝素长丝与短纤),"再生蚕丝长丝, 丝棉混纺超细纱",极度滑润软糯、天然珍珠般华贵光泽、丝鸣声清脆、飘逸垂坠,酸性染料或中性络合染料弱酸低温染色，色彩高贵雅致,回潮率 11.0%，吸湿透气性能极优，天然蚕丝蛋白亲肤不闷汗,抗起球 4 级；表面平整防静电摩擦,丝滑垂顺，悬挂易消除微小褶皱,再生蚕丝 30% + 羊绒 70% (顶级奢华针织开衫)；再生蚕丝 + 铜氨长丝,高档丝绸剑杆织机、经编高档真丝缎面布,真丝专用中性丝毛洗剂，冷水轻柔手洗，不可拧绞，阴干低温熨烫,"全天然生物可降解认证, OEKO-TEX 100",1.35,3.8,0.51,12.0,16.0,11.0,24.0,,130.0,是,是,是,"SilkProtec, FibroinSilk",人工韧带与软骨支架、神经导管、无疤痕缝合线、可穿戴生物传感水凝胶基质,多项三类医疗器械获批上市，具有优异的生物相容性与受控可吸收周期
11,REG_POLY,其他多糖与天然聚合物基纤维,ALG,海藻酸盐纤维 (海藻纤维),Alginate Fiber,海藻酸钙/海藻酸钠多糖高分子,9005-38-3,第2代特种医用人造纤维,1883,1940s,Stanford / Courtaulds,水相湿法纺丝 (海藻酸钠水溶液挤入氯化钙水浴进行离子置换凝胶),家用纺织品 / 产业用纺织品,锯齿形边缘多微孔吸液结构,1.5 - 2.5 dtex (高吸液医用短纤),"海藻酸水刺无纺布 (医用敷料纤网), 海藻混纺短纤纱",柔软干爽微蓬松，遇水/伤口渗出液瞬间凝胶化呈透明无痛保护层,医用本白无荧光，或微藻天然浅褐浅绿，无需服装染色,超高吸液倍率达 15-20 倍自重，形成湿润生理平衡环境，促愈止血无粘连,凝胶化后自溶脱落，免除患者撕揭换药的二次机械创伤痛苦,凝胶层柔软贴覆伤口轮廓,海藻纤维 + 银离子无纺布 (超强抗菌高吸液抗感染烧烫伤敷料),纯水水刺非织造布生产线、医用微孔无纺布,一次性无菌医疗用品，环氧乙烷或辐射灭菌，海洋多糖全降解,FDA / CE Class IIb 医用医疗器械认证,1.7,2.2,0.37,6.0,12.0,16.0,34.0,,120.0,是,是,否,"Kaltostat, Sorbsan, 青岛明月海藻",高吸收医用凝胶伤口敷料、阻燃防护服里衬、重金属吸附过滤棉、医美级护肤膜布,锌-铜-银复合抑菌离子海藻纤维量产；高吸水凝胶化敷料占据全球烧伤止血核心市场
12,REG_POLY,其他多糖与天然聚合物基纤维,CHT,甲壳素与壳聚糖纤维,Chitin & Chitosan Fiber,聚脱乙酰氨基葡萄糖,9012-76-4,第3代生物活性纤维,1859,1990s,日本富士纺 (Fujibo) / 中国海洋大学等,湿法纺丝 (稀乙酸水溶液溶解，氢氧化钠凝固浴中再生中和脱酸),家用纺织品 / 产业用纺织品,不规则多槽锯齿形，表面富含天然正电荷氨基基团,1.5 - 2.2 dtex (抗菌医卫短纤),"甲壳素纯纺与混纺纱 (21S-40S), 水刺卫生面层纤网",手感干爽挺实似棉麻、亲肤抑菌、消除体表异味、无静电,弱酸浴中酸性染料或直接染料均可染色，上染快,回潮率 12.0%，吸湿透气性好，广谱抑菌率>99%且耐反复水洗,抗起球 4 级；强力中等，与棉混纺增强机械性能,尺寸稳定，防霉变耐储藏,甲壳素纤维 20% + 精梳棉 80% (医护防感染抗菌工作服、抗菌卫生巾表层),圆机抗菌汗布、医用水刺无纺敷料、可降解手术缝合线,常规水洗机洗，抗菌功效源自天然大分子结构永不衰减,"天然甲壳素生物基认证, 广谱抗菌抗病毒检验合格报告",1.45,1.8,0.26,5.0,15.0,14.0,26.0,,110.0,是,是,否,"Chitopoly, 恒天海龙壳聚糖短纤",广谱抑菌内衣面料、慢伤口止血纱布、可降解手术缝线、环保果蔬保鲜功能布,高脱乙酰度(>95%)高强长丝技术成熟，实现与莱赛尔、纯棉的均匀混纺与原液着色
13,REG_POLY,其他多糖与天然聚合物基纤维,ED,二烯类弹性纤维 (天然胶乳橡胶丝),Elastodiene (Natural Rubber Thread),"顺-1,4-聚异戊二烯 (交联橡胶)",9006-04-6,第1代天然聚合物弹性纤维,1930s,1930s,Dunlop / 固特异,挤出凝固硫化法 (天然乳胶与硫化助剂挤出酸浴凝结并高温交联),家用纺织品 / 产业用纺织品,圆形实心粗单丝 (直径 0.3 - 1.2 mm),500D - 3000D (粗旦天然乳胶橡筋丝),"裸丝织带, 氨纶/涤纶双包覆橡筋线 (Covered Elastic Core)",强劲回弹性、手感敦厚紧实、抗拉伸延伸率极大,通常为乳白本色或黑色，由外包涤棉纱线提供丰富颜色,断裂伸长率达 700%-800%，瞬间回缩弹性极高,由外层包覆纱承受摩擦，内部胶芯提供经久不衰的张力,大应变下急弹性恢复率>98%，提供稳固贴合腰围张力,天然乳胶丝芯线 + 涤纶/棉纱紧密包覆 (经典服装高弹松紧带),无梭窄幅织带机、经编松紧带机、袜口罗口针织机,洗涤温度<40℃，避免高温烘烤与强日光直晒（防止胶丝氧化脆化）,"天然三叶橡胶树乳胶来源, OEKO-TEX 100",0.98,0.35,0.035,0.005,650.0,0.8,17.0,,85.0,是,是,否,"Lastex, Rubber Flex",松紧带、弹性织带、高拉伸蹦极绳索芯、传统弹力袜套口,部分被氨纶替代，但凭借超大回弹力和抗反复大应变在重型弹性织物中维持专属市场
14,SYN_PET,聚酯系纤维,PET,聚对苯二甲酸乙二醇酯纤维 (涤纶/聚酯纤维),Polyethylene Terephthalate Fiber (Polyester),聚对苯二甲酸乙二醇酯,25038-59-9,第1代大宗合成纤维,1941,1953,Whinfield & Dickson (CPA / ICI / 杜邦),直接熔融纺丝法 (连续聚合-喷丝板挤出-侧吹风冷却-高速牵伸卷绕),服装用纺织品 / 家用纺织品,圆形 (常规) / 三角三叶形 (闪光仿丝),1.0 - 3.3 dtex (民用长丝/短纤)；0.3 - 0.8 dtex (细旦仿丝)；5.0 - 20.0 dtex (工业高强粗丝),"FDY (全拉伸长丝), POY (预取向丝), DTY (低弹丝 50D-150D), ATY (空变丝), 纯纺/混纺短纤纱 (21S-60S)",平滑挺括、骨感强、悬垂顺滑、抗皱免烫；低弹丝DTY蓬松软和；纯纺手感稍偏硬滑,"采用分散染料高温高压染色 (130℃, 0.2-0.3 MPa) 或热熔轧染 (200-210℃)；耐光、耐酸碱洗涤稳定性优",公定回潮率低 (0.4%)；本身疏水快干，但易聚集静电吸尘；通过后整理亲水剂或微孔织造改善导湿,耐磨性极高 (次于锦纶居第2位)；常规纤维因强力高断裂难，易起球且不易脱落 (起毛起球通常 2-3 级，需抗起球改性),弹性恢复率优异 (伸长5%时急弹性回复率>90%)；尺寸稳定性高，永久褶裥持久，沸水收缩率可控<3%,"涤棉混纺 (T/C 65/35, CVC 60/40 挺括耐磨兼透气)；涤粘混纺 (T/R 65/35 仿毛西服)；涤毛混纺 (55/45 经典正装)",圆机针织、经编大提花、喷气织机、喷水织机平纹斜纹、无纺布针刺热轧，全工艺通用,常规机洗40-60℃，快干耐洗；耐氯漂；最高耐烫温度150℃(垫布熨烫)；防静电柔顺剂洗涤,"OEKO-TEX Standard 100 Class I (婴童级), GRS (全球回收标准), bluesign",1.38,5.2,0.72,12.5,25.0,0.4,21.0,260.0,150.0,否,否,否,"Dacron (达克纶), Terylene (特丽纶), 恒力聚酯, 桐昆涤纶",民用全领域服装、家纺床品、汽车轮胎帘子布、安全带、工业过滤网、非织造布,全球产销量最大的化学纤维（年产超6500万吨）；化学法循环再生(rPET)与原液着色成为行业标配
15,SYN_PET,聚酯系纤维,PTT,聚对苯二甲酸丙二醇酯纤维 (PTT纤维),Polytrimethylene Terephthalate Fiber,"聚对苯二甲酸-1,3-丙二醇酯",26590-75-0,第2代记忆型聚酯纤维,1941,1998,壳牌 (Shell Corterra) / 杜邦 (DuPont Sorona),"熔体纺丝 (生物发酵法1,3-丙二醇与PTA缩聚物)",服装用纺织品 / 家用纺织品,圆形 / 并列双组分,1.5 - 3.3 dtex (长丝与针织短纤),"PTT DTY (低弹自弹性丝), PTT/棉伴纺纱",兼具尼龙的极度柔软滑糯与涤纶的挺括抗皱，手感超越常规涤纶数个档次,常压 100-110℃ 沸水浴即可使用分散染料快速染透深色，无需高压载体，极节约能源,快干透气，具有独特的分子“大曲折弹簧构象”，回弹手感极丰满,抗起球达 3-4 级；耐磨性能接近锦纶,优越的拉伸记忆回弹性与形状恢复率，久穿久坐不鼓包（抗膝盖鼓包）,PTT + 棉 (高档休闲裤)；PTT + 羊毛 (机洗防缩水回弹西服面料)；PTT自卷曲(T400),高档圆机针织汗布、地毯抗污机织、弹力免烫牛仔布,常规机洗 40℃，无需特殊护理，耐日光耐氯洗,"杜邦 Sorona 生物基认证 (37%生物基原料), OEKO-TEX 100",1.34,3.8,0.51,3.5,35.0,0.45,21.0,228.0,130.0,是,否,否,"Sorona (杜邦索罗娜), Corterra",记忆弹力外套、高档抗皱西服、高端地毯、泳装瑜伽服、羽绒服防钻绒面料,生物基PDO单体自给率超90%，其Z字型分子链赋予其接近氨纶的优异弹性回复率
16,SYN_PET,聚酯系纤维,PBT,聚对苯二甲酸丁二醇酯纤维 (PBT纤维),Polybutylene Terephthalate Fiber,"聚对苯二甲酸-1,4-丁二醇酯",26062-94-2,第2代高回弹聚酯纤维,1970s,1980s,Celanese / 帝人 (Teijin),熔融纺丝 (常规纺或高速纺丝与拉伸变形POY-DTY),服装用纺织品 / 家用纺织品,圆形 / 多叶形,1.5 - 3.3 dtex (75D - 150D 弹性长丝),"PBT DTY 低弹自卷曲长丝, 高弹牛仔纱",柔软滑糯、蓬松轻盈，回弹力介于普通涤纶与氨纶之间,常压 100℃ 沸煮即可使用分散染料快速染深色，耐氯漂优于普通PET,回潮率 0.4%，疏水快干，弹性伸长达 30%-40%,抗起球 3-4 级；耐磨性良好,伸长率达20%时弹性恢复率接近100%，尺寸稳定性优异,PBT长丝与棉纱交织 (免烫高弹牛仔面料)；PBT用于弹力滑雪服与泳衣,圆机针织、喷气喷水织机纬向高弹织造,耐反复常规机洗，耐氯漂剂，悬挂速干,OEKO-TEX Standard 100,1.31,3.6,0.47,2.8,38.0,0.4,21.5,225.0,130.0,否,否,否,"Wonderon, T-400 (与PET双组分复合)",专业抗氯泳衣、高弹牛仔布、滑雪服、假发丝、高档牙刷刷毛及化妆刷毛,在耐氯漂弹性服饰与工业刷丝领域稳步增长，与PET复合制备机械双螺旋转曲自卷曲纤维
17,SYN_PET,聚酯系纤维,PEN,聚萘二甲酸乙二醇酯纤维 (PEN纤维),Polyethylene Naphthalate Fiber,"聚2,6-萘二甲酸乙二醇酯",25853-85-4,第3代高性能聚酯纤维,1948,1995,Amoco / 帝人 (Teijin Teonex),高温熔融纺丝与高倍热拉伸 (熔体温度约300℃),服装用纺织品 / 家用纺织品,致密规整圆形,5.0 - 20.0 dtex (工业高强粗旦长丝),工业高强并捻线 (500D - 2000D),高刚挺拔、强力坚硬，工业结构织物手感,高温高压分散染料染色，主要以原色使用,超高初始模量 (高达20 GPa)，耐热耐候抗形变,抗磨损抗冲击撕裂能力强,抗蠕变性能极其卓越，重载张力下拉伸不变形,PEN长丝机织用于大型远洋赛艇三角帆布、深海防风缆绳,重型宽幅剑杆机织、工业涂层织物底布,耐海水盐雾腐蚀、耐酸碱，免特殊护理,ISO 9001 工业品认证,1.36,8.5,1.15,24.0,8.0,0.3,24.0,269.0,165.0,否,否,是,"Teonex, Pentex",超高速赛车高性能轮胎帘子线、深海系泊缆绳、高性能船帆布、高耐热绝缘层,作为尺寸稳定性优于涤纶、模量逼近芳纶的耐蠕变高模聚酯，在新能源车轮胎与航海帆布广泛应用
18,SYN_PET,聚酯系纤维,CDP,阳离子染料可染聚酯纤维 (CDP/ECDP),Cationic Dyeable Polyester Fiber,含有间苯二甲酸二甲酯-5-磺酸钠共聚酯,,第2代改性差别化聚酯,1960s,1970s,DuPont,熔体纺丝 (SIPM第三单体及PEG第四单体共聚酯),服装用纺织品 / 家用纺织品,圆形 / 三角三叶形 (闪光双色丝),1.5 - 3.0 dtex (长丝与短纤),"CDP DTY 低弹丝, 阳离子涤纶纱 (30S-50S)",挺括平整如常规涤纶，但织物具有极其绚丽的多彩闪色效果,阳离子染料常压 100℃ 沸染，可与普通涤纶或锦纶同浴染出双色/多色花纹,回潮率 0.5%，透气快干,由于引入第三单体改性，纤维强力稍有降低，抗起毛起球性反而提升至 3-4 级,良好回弹与抗皱性,CDP + 普通涤纶 (一浴染出双色阳离子麻灰面料、运动外套花灰布),喷水喷气双经轴多臂织造、大圆机双色提花针织,常规机洗，耐洗耐磨，不易褪色,OEKO-TEX Standard 100,1.37,4.2,0.58,10.0,28.0,0.5,21.0,245.0,130.0,否,否,否,"Dacron T-64, ECDP",多色提花织物、双色运动时装、免高压常压沸染色面料 (ECDP),常压低温可染(ECDP)节能减排品种占比超70%，显著降低染整热能消耗
19,SYN_PA,脂肪族与半芳香族聚酰胺纤维,PA6,聚酰胺6纤维 (锦纶6/尼龙6),Polyamide 6 Fiber (Nylon 6),聚己内酰胺,25038-54-4,第1代大宗合成纤维,1938,1943,Paul Schlack (德国 IG Farben / BASF),熔融纺丝 (己内酰胺开环聚合切片熔融挤出),服装用纺织品 / 家用纺织品,圆形 / 三角三叶形 (高光锦纶),0.8 - 3.3 dtex (常规民用丝)；3.0 - 10.0 dtex (地毯与工业长丝),"FDY (全牵伸长丝), DTY (低弹锦纶丝 40D/34f, 70D/68f), 短纤混纺纱",极其柔软滑爽、亲肤冰润、质轻无负重感、飘逸顺垂,酸性染料、弱酸性染料、金属络合染料或活性染料在弱酸浴中中温染色 (85-98℃)；色彩鲜艳夺目,公定回潮率 4.5% (合成纤维中吸湿性仅次于维纶)，不易产生剧烈静电，透气性好,耐磨性居所有合成与天然纤维之冠 (为棉的10倍，毛的20倍)；抗疲劳屈折寿命极高,急弹性恢复率达 99% (在小负荷下表现最佳)，不易产生死褶印,锦纶 + 氨纶 (80/20 高弹瑜伽服/连裤袜)；锦纶 + 棉 (N/C 50/50 户外耐磨工装风衣),无缝针织机 (Seamless)、圆机单面汗布、经编蕾丝花边、防撕裂格子风衣机织,温水洗涤 (<40℃)，严禁高温烘干与暴晒（易泛黄老化）；中温熨烫 (<110℃),"OEKO-TEX Standard 100, bluesign",1.14,4.8,0.55,3.8,35.0,4.5,21.5,220.0,110.0,否,否,否,"Perlon (贝纶), Enka Nylon, 中石化巴陵己内酰胺",民用丝袜、贴身内衣、冲锋衣户外防撕裂面料、渔网、工业安全带、短纤地毯,超细旦原液着色锦纶与己内酰胺化学闭环回收再生系统(Econyl等)大规模应用
20,SYN_PA,脂肪族与半芳香族聚酰胺纤维,PA66,聚酰胺66纤维 (锦纶66/尼龙66),Polyamide 66 Fiber (Nylon 66),聚己二酰己二胺,32131-17-2,第1代大宗合成纤维 (人类历史上首个纯合成纤维),1935,1939,Wallace Carothers (卡罗瑟斯 / 杜邦 DuPont),熔体纺丝 (己二胺己二酸盐聚合熔融高速纺丝),服装用纺织品 / 家用纺织品,圆形 / 多叶形,0.8 - 2.5 dtex (高档服装长丝)；5.0 - 25.0 dtex (工业与帘子线),"FDY, DTY, 高强工业浸胶线 (1000D-2000D)",比PA6手感更为紧密细腻、平滑坚韧、干爽滑顺、更耐摩擦,弱酸性染料/金属络合染料染色，分子间氢键密度大，染色温度需控制在 98-105℃,公定回潮率 4.5%，穿着干爽吸汗，排湿速度快,耐磨性、抗撕裂强力与耐疲劳度全面超越 PA6，耐热性比 PA6 高 40℃,弹性模量高于PA6，回弹性更充沛紧致，反复拉伸不松弛,PA66 + 氨纶 (85/15 专业竞技骑行裤、无痕内衣)；PA66 + Cordura 户外背包面料,高密超薄羽绒服防钻绒面料、户外极限冲锋衣外层、汽车气囊高密平纹机织,耐温性好于PA6，允许水洗至50℃，防暴晒,"OEKO-TEX Standard 100, bluesign, GRS认证再生锦纶66",1.14,5.5,0.63,4.5,28.0,4.0,22.0,260.0,130.0,否,否,否,"Nylon 66, Cordura (考杜拉), 华峰锦纶66",高端汽车安全气囊布、高性能军用被服Cordura面料、重载工业帘子布、瑜伽高弹服,己二腈国产化技术彻底攻关放量，安全气囊与高耐磨军工装备全面自给并降本增效
21,SYN_PA,脂肪族与半芳香族聚酰胺纤维,PA56,聚酰胺56纤维 (生物基锦纶56),Polyamide 56 Fiber (Bio-based Nylon 56),聚己二酰戊二胺,119864-77-6,第4代生物基合成纤维,2000s,2018,凯赛生物 (Cathay Biotech) / 中国纺科院,熔融纺丝 (淀粉玉米生物发酵法戊二胺与己二酸缩聚),服装用纺织品 / 家用纺织品,圆形 / 三叶光泽截面,0.8 - 2.0 dtex (细旦FDY与DTY),"长丝FDY, 低弹丝DTY (20D-70D), 短纤精梳纱",比锦纶6更柔顺亲肤、触感丝滑细腻、悬垂柔美、无刺痒,弱酸性染料常压染色，上染速率与固色率均高于锦纶66，得色饱满,公定回潮率达 5.5% (高于PA6的4.5%)，吸湿性更强，亲肤透气不闷汗,耐磨性优异，抗起球 3-4 级,弹性伸长回复好，穿着随身舒展,PA56 + 氨纶 (75/25 裸感轻塑瑜伽服)；PA56用于防晒服与轻量风衣,高密圆机针织汗布、经编无痕内衣面料,常规机洗40℃，防暴晒，中温熨烫,"45% 生物基碳含量认证 (以玉米等生物基戊二胺为原料), OEKO-TEX 100",1.15,5.0,0.58,4.2,32.0,5.5,23.0,254.0,125.0,是,否,否,"Terryl (泰纶), 凯赛生物PA56",亲肤透气运动服、军旅阻燃战备服、高吸湿羽绒面料、绿色地毯长丝,全球生物制造万吨级标杆，吸湿排汗指标逼近棉花，减碳幅度达50%以上
22,SYN_PA,脂肪族与半芳香族聚酰胺纤维,PA11,聚酰胺11纤维 (锦纶11/蓖麻油基尼龙),Polyamide 11 Fiber (Nylon 11),聚十一内酰胺,25035-04-5,第2代长碳链生物基合成纤维,1942,1955,Arkema (阿科玛 Rilsan),熔体纺丝 (100%源自蓖麻油经裂解制备11-氨基十一酸单体),服装用纺织品 / 家用纺织品,平滑圆形实心,1.0 - 3.0 dtex (蓖麻油基长丝与短纤),"FDY, DTY, 工业高韧性纱线",滑爽坚韧、质轻温和、抗低温冲击抗折叠,酸性染料中温染色，疏水性较好，深色牢度好,吸水率极低 (回潮率仅 1.0%)，在严寒冰雪环境下不吸湿变重、不硬化发脆,超高耐磨损性与耐冲击刮擦性,低吸水带来极其优异的湿态尺寸稳定性,PA11 长丝机织制备极限极地登山滑雪冲锋衣面料、深海潜水服外层,高密经纬喷水织造、精密滤布机织,耐各种机洗，耐受极端化学品腐蚀,"100% 生物基蓖麻油衍生认证, Arkema Rilsan 认证",1.04,4.0,0.42,2.5,40.0,1.2,21.0,187.0,105.0,是,否,否,"Rilsan (阿科玛), Rilsan Clear",耐高低温工业管路织物、极地运动服饰、高韧性耐盐雾海洋特种绳网、高级刷丝,作为全生物基长碳链高性能特种尼龙，在耐低温冲击与低吸水率领域保持高价值应用
23,SYN_PA,脂肪族与半芳香族聚酰胺纤维,PA46,聚酰胺46纤维 (锦纶46),Polyamide 46 Fiber (Nylon 46),聚己二酰丁二胺,50327-22-5,第3代耐热工程合成纤维,1977,1984,DSM (帝斯曼 / Envalior Stanyl),高温熔融纺丝及固相后聚合,服装用纺织品 / 家用纺织品,高度对称紧密圆形,3.0 - 15.0 dtex (工业高强长丝),"工业高强帘子线, 耐高温并捻工业纱",高刚韧性、耐热抗冲击、工业绳带质感,酸性染料或原液本白使用,熔点高达 295℃ (耐温比PA66高35℃)，在高温下保持极高强力和弹性模量,耐高温磨损与动态疲劳寿命为常规尼龙的数倍,高温重载下拉伸形变极小，回弹性卓越,PA46 帘线机织制备耐高温赛车轮胎帘子布、耐热输送带带芯,重型剑杆织机、工业加捻织网机,耐工业清洗、耐热油浸泡,ISO 汽车安全体系认证,1.18,8.0,0.94,7.0,18.0,3.8,23.0,295.0,160.0,否,否,是,Stanyl (斯泰尼尔),高热负荷汽车引擎舱传动皮带帘线、耐高温工业过滤毡、航空发动机密封增强织物,耐热蠕变与耐疲劳性能卓越，在新能源电驱系统高转速耐磨增强织物中获得新拓展
24,SYN_PAN,聚丙烯腈系纤维 (腈纶),PAN,聚丙烯腈纤维 (腈纶/人造羊毛),Polyacrylonitrile Fiber (Acrylic Fiber),丙烯腈多元共聚物 (丙烯腈含量>85%),25014-41-9,第1代大宗合成纤维,1942,1950,DuPont (杜邦 Orlon / 奥纶),湿法或干法纺丝 (DMF、DMAc或NaSCN水溶液溶解喷丝),服装用纺织品 / 家用纺织品,哑铃形 / 狗骨形 (干法纺丝) 或 圆形/腰圆形 (湿法纺丝),1.5 - 3.3 dtex (棉型/毛型短纤)；3.3 - 6.0 dtex (粗纺中长仿毛短纤),"毛条 (Acrylic Tops), 腈纶纯纺与混纺纱线 (16S-48S), 膨体纱",手感蓬松、柔软软糯似羊毛、质轻保暖、色泽异常鲜艳夺目、耐日光耐气候性极高,采用阳离子染料或分散染料中性至微酸浴染色，上染快，色光极为鲜亮浓郁,公定回潮率 2.0%；质地轻盈(比重1.17小于毛和棉)，保暖率比羊毛高 15%-20%,耐磨性中等 (低于锦纶和涤纶)；起毛起球性约 2-3 级 (需做抗起球化学整理),蓬松卷曲恢复性能好，耐受日晒风吹不脆化、不发黄,"腈纶 + 羊毛 (毛腈混纺 50/50, 70/30 经典毛线与大衣)；腈纶 + 棉 (发热汗衫)",横机针织毛衫、人造毛皮割绒经编织造、雪尼尔提花装饰布,可家庭温水机洗 (40℃)，不缩水不毡缩（彻底克服纯羊毛水洗缩水），不耐强碱,OEKO-TEX Standard 100,1.18,3.2,0.38,6.5,30.0,2.0,18.0,,125.0,否,否,否,"Orlon (奥纶), Dralon (德绒), 抚顺腈纶, 吉林化纤腈纶",羊毛衫毛线、毛毯人造毛皮、户外遮阳篷帆布、高耐日晒篷布、碳纤维原丝前驱体,民用以超细旦高蓬松发热保暖(德绒品类)为主，高端转向大丝束高质量碳纤维原丝配套
25,SYN_PAN,聚丙烯腈系纤维 (腈纶),MAC,改性聚丙烯腈纤维 (变性腈纶/阻燃腈纶),Modacrylic Fiber,丙烯腈与偏二氯乙烯或氯乙烯共聚物 (丙烯腈含量35%~85%),26877-39-4,第2代本质阻燃差别化合成纤维,1949,1950s,Union Carbide (Dynel) / 钟渊化学 (Kaneka),湿法或干法纺丝 (丙酮或DMF溶剂溶解),服装用纺织品 / 家用纺织品,哑铃形 / 狗骨形 (含氯共聚微观截面),1.5 - 3.3 dtex (短纤),"变性阻燃腈纶短纤纱 (20S-40S), 阻燃人造毛皮割绒纱",蓬松柔软如绵羊毛、卷曲回弹性好、丰满软和,阳离子染料染色，色彩极为鲜艳夺目,LOI 达 28%-32%，离火自熄，遇明火碳化收缩无熔滴，防止皮肤烧伤灼伤,抗起球 3 级；耐磨中等,三维卷曲保持持久蓬松保暖,变性腈纶 + 阻燃棉 (60/40 儿童阻燃睡衣、公共剧场舞台人造毛皮幕布),大圆机高密提花割绒毛皮机、经编阻燃毛毯织机,常规水洗机洗，阻燃为共聚永久阻燃，耐洗涤50次不失效,"GB 20286 阻燃1级, 16 CFR 1610 (美国睡衣阻燃标准)",1.37,2.8,0.38,5.0,32.0,2.5,31.0,,110.0,否,否,否,"Kanecaron (钟化假发丝/阻燃丝), Protex",高级逼真阻燃假发、电力冶金电弧防护工服、民航阻燃毛毯、酒店防火窗帘面料,全球高端假发与安全防护面料的核心支柱原料，无锑环保阻燃与高耐热卷曲工艺普及
26,SYN_PO,聚烯烃系纤维,PP,聚丙烯纤维 (丙纶),Polypropylene Fiber,等规聚丙烯,9003-07-0,第1代大宗合成纤维 (所有商业合成纤维中密度最低),1954,1957,Giulio Natta (纳塔 / 意大利 Montecatini),熔体纺丝 (熔融纺丝牵伸、纺粘法Spunbond、熔喷法Meltblown),家用纺织品 / 产业用纺织品,圆形 / 三角三叶形 / 中空形,1.5 - 3.3 dtex (民用长丝/短纤)；5.0 - 15.0 dtex (工业与地毯),"BCF 膨体地毯长丝, 原液着色丙纶色丝, 纺粘无纺布, 短纤纱",所有合成纤维中最轻 (比重仅 0.91 g/cm³，浮于水面)，手感温和干爽、不吸水,分子链无极性基团，常规水染极其困难，主要采用原液着色 (Dope-dyed) 色母粒纺丝,公定回潮率接近 0.0% (零吸水)，芯吸排水极快（水分沿纤维表面单向导出，单导干爽内衣）,耐磨性优良 (居合成纤维第3位)；耐热性较弱 (熔点仅165℃),高回弹性与抗疲劳屈折性，质轻蓬松保温比热容小,丙纶超细丝 (内层单向导湿) + 棉/粘胶 (外层吸湿挥发) 打造单向导湿速干面料,双面针织大圆机(内丙外棉)、纺粘水刺复合卫材、机织地毯底布,必须低温洗涤 (<40℃)，严禁高温烘干与高温熨烫（超120℃极易收缩熔化）,"OEKO-TEX Standard 100, 生产能耗极低",0.91,5.0,0.45,4.0,28.0,0.05,18.0,168.0,95.0,否,否,否,"Herculon, Meraklon, 蒙特卡蒂尼丙纶",医用外科口罩及防护服熔喷过滤层、土工布、包装集装袋、速干贴身排汗运动衣,超细熔喷驻极体寿命突破5年，超细旦微孔丙纶在单向速干运动服与纸尿裤无纺布上深度普及
27,SYN_PO,聚烯烃系纤维,PE-REG,普通聚乙烯纤维 (普通乙纶),Polyethylene Fiber (Conventional),高密度聚乙烯 (HDPE),9002-88-4,第1代通用合成纤维,1933,1940s,ICI / 齐格勒,熔融纺丝 (常规单丝或扁丝挤出),家用纺织品 / 产业用纺织品,光滑圆形实心,3.0 - 15.0 dtex (单丝与裂膜扁丝),"聚乙烯扁丝 (Slit Film Yarn), 农用防裂长丝",蜡状光滑、质轻浮水 (比重0.92)、干爽坚韧,不耐水染，全部采用色母粒原液着色,零吸水 (回潮率 0.0%)，耐酸耐强碱，水中不增重,耐砂石磨损，抗拉伸不断丝,抗冲击延展性好,PE扁丝编织农用遮阳网、防虫网、水产捕捞养殖网箱,经编单双针床网状机、扁丝圆织机,清水或高压水枪直接冲洗冲砂，自然晾干,农用无毒环保认证,0.95,3.5,0.33,2.5,25.0,0.01,17.5,130.0,80.0,否,否,否,"Courlene, Polythene filament",农业遮阳网、防虫网、浅海渔网绳缆、编织袋、人工草坪草丝,抗紫外UV老化母粒配方与长寿命抗刮擦草丝技术高度成熟
28,SYN_PO,聚烯烃系纤维,PMP,聚4-甲基-1-戊烯纤维 (TPX纤维),Poly(4-methyl-1-pentene) Fiber,聚(4-甲基-1-戊烯),25068-26-2,第3代特种耐热聚烯烃纤维,1965,1975,ICI / 三井化学 (Mitsui TPX),熔融纺丝与高倍拉伸,家用纺织品 / 产业用纺织品,圆形单丝,3.0 - 10.0 dtex,"精密过滤单丝, 离型基材长丝",极致轻量 (比重仅 0.83，所有纤维中最轻)，表面光洁滑爽极低附着力,原色透明高透光，不染色,耐温高达 170℃，透气剥离性极佳，树脂胶水完全不粘连,抗表面擦伤，防尘防垢,回弹性好，受热尺寸稳定,PMP 单丝机织用于高端复合材料成型离型脱模布、医用气体分离膜滤布,精密喷水平纹织机造,耐高温高压蒸气灭菌消毒，耐有机溶剂清洗,FDA 食品接触级认证,0.83,4.5,0.37,3.8,22.0,0.01,18.0,240.0,140.0,否,否,是,TPX (三井化学),超轻离型织物、医疗透析空心纤维膜、超轻高绝缘电缆绕包层、微波加热容器滤布,凭借极低介电常数(Dk≈2.1)和优异透气耐温性，在6G高频通信及特种分离膜稳步放量
29,SYN_PU,聚氨酯与弹性聚合物纤维,EL,聚氨酯弹性纤维 (氨纶/斯潘德克斯),Elastane / Spandex Fiber,聚氨基甲酸酯嵌段共聚物 (聚醚/聚酯软段与二异氰酸酯硬段),61788-20-7,第2代合成弹性高分子,1952,1959,Joseph Shivers (杜邦 DuPont Lycra / 莱卡),干法纺丝 (DMAC溶液挤入高温氮气甬道)、少部分熔融纺丝或湿纺,服装用纺织品 / 家用纺织品,哑铃形或多叶形并合微丝束 (微孔并丝结构),"15D - 140D (民用长丝，以 20D, 30D, 40D, 70D 最通用)","裸丝 (Bare Yarn), 空气包覆纱 (ACY), 机械包覆纱 (SCY), 氨纶包芯纱 (CSY)",赋予织物弹力骨架，随身贴合、无束缚感、极大改善服装活动自如度与抗皱性,与锦纶共浴时可用酸性染料上色；与聚酯交织时可用分散染料微染（耐温需<125℃）,断裂伸长率达 450%-700%，急弹性回复率>95%，滞后损失小，提供持久弹力支撑,通常作为织物骨架芯丝被外层纤维包裹，不直接承受摩擦磨损,极低初始模量，轻微外力即自如拉伸，释压后瞬间精准回位，永久形变<8%,面料中加入 2%-5% 即可获得极佳舒适微弹；加入 10%-25% 打造高弹塑形瑜伽运动服,所有针织大圆机(配喂纱弹力轮)、经编机、喷气/喷水织机纬向弹力织造,水洗温度建议<40℃，严禁含氯漂白剂；热定型温度建议 180-188℃ 精确控制,"OEKO-TEX Standard 100 Class I, GRS (再生氨纶认证)",1.21,1.1,0.13,0.05,520.0,1.1,18.0,230.0,110.0,否,否,否,"Lycra (莱卡), Creora (晓星), 华峰千禧氨纶",瑜伽服、游泳衣、紧身牛仔裤、运动功能压缩衣、高档贴身无缝内衣、纸尿裤防漏边,生物基BDO原料氨纶(生物基含量超70%)与低温可热熔粘合氨纶成为产业升级核心
30,SYN_PU,聚氨酯与弹性聚合物纤维,TPU-F,热塑性聚氨酯弹性纤维 (熔纺TPU纤维),Thermoplastic Polyurethane Fiber,热塑性聚氨酯弹性体 (TPU),61788-20-7,第3代绿色无溶剂弹性纤维,1980s,2000s,BASF (巴斯夫) / Lubrizol (路博润) / 万华化学,环保无溶剂熔融纺丝法 (无需DMF/DMAC，环境极度友好),服装用纺织品 / 家用纺织品,致密圆形熔纺单丝 (直径 0.12 - 0.25 mm),100D - 600D (熔纺热塑性聚氨酯高弹单丝),"飞织鞋面单丝 (Flyknit Monofilament), 高弹包覆纱",干爽橡胶弹性、强韧紧致、可通过局部热压直接熔融定型一体成型,原液着色，色彩鲜亮耐水洗,高回弹透气，耐受数万次屈折运动不变形,耐磨性能比传统橡胶提升3倍，抗刮擦无脱线起毛,高回弹性，急弹性恢复率>95%，提供强大足弓包裹支撑力,TPU高弹单丝 + 涤纶DTY 复合针织飞织鞋面 (一体成型免剪裁运动跑鞋面),电脑全自动无缝横机飞织编织、高弹透气网布经编,水洗极易清洁，泥土污渍刷洗即净，耐机洗耐暴晒,100% 热塑可回收循环利用认证 (可重复熔融再造粒),1.18,1.6,0.19,0.08,450.0,0.8,20.0,195.0,115.0,否,否,否,"Elastollan (巴斯夫), 万华TPU熔纺纤维",飞织一体鞋面、单一材质100%可循环运动服、弹性无缝粘合线、防水透气弹性复合膜,配合单一材质闭环回收(Mono-material design)浪潮，全面替代传统化学溶剂干法氨纶鞋服配件
31,SYN_PVA,聚乙烯醇系纤维 (维纶),PVA-F,聚乙烯醇缩甲醛纤维 (维纶/维尼纶),Vinylon / Polyvinyl Alcohol Formalized Fiber,聚乙烯醇缩甲醛化共聚物,25067-34-9,第1代大宗合成纤维,1939,1950,李升基 (中国/朝鲜科学家) / 樱田一郎 (日本可乐丽 Kuraray),湿法或干法纺丝 (PVA水溶液芒硝硫酸钠盐浴凝固，甲醛缩醛化固化交联),家用纺织品 / 产业用纺织品,明显腰圆形/皮芯层，表面有沟槽,1.33 - 2.5 dtex (棉型短纤)；高强高模长丝,"维棉混纺纱, 工业帆布帘线纱",外观和手感极似棉花，有“合成棉花”之称；吸湿性好但手感稍偏硬、染色偏暗,直接染料、活性染料、硫化染料在碱性或中性浴染色,公定回潮率 5.0% (在普通合成纤维中吸湿性居第一)，透气舒适,耐磨性好于天然棉花，耐酸碱和耐海水腐蚀性能极佳,弹性较差，抗皱性较涤纶弱，容易起褶,维纶 + 棉 (维棉混纺 50/50 耐磨帆布、劳动保护工作服、军用帆布帐篷),重型有梭/无梭织机机织重磅帆布、工业输送带,耐热水性良好，可正常机洗，最高熨烫温度 130℃,无毒生态纤维,1.29,4.5,0.58,8.0,20.0,5.0,20.0,230.0,115.0,否,否,否,"Kuralon (可乐丽), Vinylon, 皖维维纶",高强帆布篷布、橡胶输送带骨架、耐磨军用背包帐篷、无石棉水泥增强材料,作为环保代石棉增强纤维在建筑纤维水泥板(FRC)中具有刚性不可替代全球市场
32,SYN_PVA,聚乙烯醇系纤维 (维纶),W-PVA,水溶性聚乙烯醇纤维 (水溶维纶),Water-Soluble PVA Fiber,未经缩醛化改性高纯聚乙烯醇,9002-89-5,第2代功能差别化纤维,1960s,1970s,Kuraray (日本可乐丽) / 皖维高新,湿法纺丝或冻胶纺丝 (水相凝固，不经甲醛缩醛化，精准调控醇解度),家用纺织品 / 产业用纺织品,圆形 / 腰圆形,1.33 - 2.0 dtex (20℃-90℃ 不同溶水温度等级),"水溶伴纺短纤纱, 水溶绣花底布长丝",在溶出前手感似棉，作为牺牲性载体纤维用于高档纺纱工艺,不参与最终织物染色，在前处理热水煮练中完全溶解退浆流失,"极易吸湿溶胀，在特定设定水温(如20℃, 40℃, 80℃, 90℃)完全溶解为透明水溶液",水溶脱除后使主纤维（羊绒/长绒棉）产生超膨松无捻微孔风格,溶水后留下微孔蓬松结构,水溶维纶 + 顶级羊绒/长绒棉 (伴纺高支无捻纱，溶去维纶获得零捻超柔云朵毛巾),水溶镂空电脑绣花底布、伴纺环锭细纱机,洗涤温度达到设定溶解点即完全消失分解，绿色环保降解于水,"生物水溶分解认证, OEKO-TEX 100",1.28,3.8,0.48,6.5,18.0,5.5,19.5,220.0,80.0,否,是,否,"Kuralon K-II, 皖维水溶纤维",无捻毛巾骨架纱(水洗后脱除造就超蓬松触感)、水溶无纺绣花基布、医用防感染自溶隔离袋,低温20℃速溶且无残毒生物可降解型在高端绿色纺织与绣花耗材全面普及
33,SYN_PVA,聚乙烯醇系纤维 (维纶),HM-PVA,高强高模聚乙烯醇纤维,High-Strength High-Modulus PVA Fiber,超高聚合度全等规/间规聚乙烯醇,9002-89-5,第3代高性能特种聚合物纤维,1980s,1990s,Kuraray (可乐丽) / 中国石化四川维纶,凝胶冻胶纺丝-超高倍热拉伸 (DMSO或有机溶剂体系),家用纺织品 / 产业用纺织品,高度取向致密圆形微晶原纤,1.5 - 2.5 dtex (高强高模短纤与长丝),"水泥增强短纤, 工业增强机织线",刚韧强硬、无机般的断裂强力与有机高分子柔韧结合,本白工业应用，无需染色,断裂强度 >11 cN/dtex (GPa >1.4)，拉伸模量 >280 GPa，水中抗分散好,抗冲刷抗裂抗剪切，耐受强碱水泥浆体长期侵蚀,极低伸长率，抗形变,高强高模维纶短纤 2%-5% 掺入水泥砂浆中 (完全取代致癌石棉增强水泥压力瓦与防渗大坝),重型无梭机织土工布、湿法造纸抄造纤维网,耐受户外50年风吹雨淋冻融循环,无石棉环保健康认证 (Asbestos-Free),1.3,11.5,1.5,35.0,6.5,3.0,21.0,245.0,140.0,否,否,是,"Kuralon II, 川维高强高模PVA",水利水电超高强工程水泥防裂筋、深海缆绳、轻量化防弹复合材料、特种高压绝缘纸,我国完全掌握万吨级高端干湿法凝胶拉伸核心技术，出口全球数十个国家基建工程
34,SYN_HALO,含卤素通用纤维,PVC-F,聚氯乙烯纤维 (氯纶),Polyvinyl Chloride Fiber (Chlorofibre),聚氯乙烯,9002-86-2,第1代合成纤维 (早期与德国人造丝并驾齐驱),1913,1934,Fritz Klatte / 德国 IG Farben (PeCe 纤维),干法或湿法纺丝 (丙酮/苯溶剂),家用纺织品 / 产业用纺织品,哑铃形 / 腰圆形 (氯纶截面),1.5 - 3.3 dtex (短纤及膨体纱),纯纺纱与毛混纺纱 (20S-32S),柔软保暖如羊毛，耐摩擦产生大量负静电微电流刺激穴位,分散染料低温染色 (60-70℃)，严禁高温导致收缩变形,LOI 高达 37% (绝对离火即熄，合成纤维中最难燃大宗品之一)，蓄热保暖好,耐磨性优良，耐酸耐碱耐氧化剂,高蓬松微弹性,氯纶 60% + 棉 40% (经典风湿关节炎理疗保暖针织内衣、工业阻燃防腐滤布),圆机针织保暖汗布、工业机织滤布,必须冷水洗涤 (<35℃)，严禁热水烫洗、烘干和熨烫 (超70℃极度收缩),GB/T 4146 通用规范,1.4,2.5,0.35,3.5,35.0,0.1,38.0,,70.0,否,否,否,"Rhovyl (法国罗维尔), PeCe, 氯纶",极度耐酸碱耐腐蚀工业滤布、理疗静电保健内衣被褥、影剧院舞台阻燃幕布,虽然耐热性差，但利用其独特的高负摩擦静电发生性在医疗静电理疗纺织品领域持续独占鳌头
35,SYN_HALO,含卤素通用纤维,PVDC-F,聚偏二氯乙烯纤维 (偏氯纶/莎纶),Polyvinylidene Chloride Fiber (Saran),偏二氯乙烯-氯乙烯共聚物,9002-85-1,第1代耐候耐化合成纤维,1933,1940,Ralph Wiley (陶氏化学 Dow Chemical),熔融挤出快速水冷淬火及冷拉伸单丝,家用纺织品 / 产业用纺织品,圆形单丝与粗旦复丝,5.0 - 20.0 dtex,工业耐腐机织单丝 (Saran Yarn),光滑坚硬、挺括抗刮、高密度结实手感,原液着色，耐化学品褪色,吸水率极低，阻隔性与耐化学腐蚀性为聚合物之冠,抗机械刮伤磨损，经久耐用,挺拔抗压，承重不松垮,PVDC单丝机织用于化工厂强腐蚀性固液分离压滤布、露天沙滩椅面料、汽车耐磨座套,重型剑杆平纹织机,耐酸碱冲洗，耐日晒耐雨淋,工业耐候防腐认证,1.7,2.0,0.34,2.2,25.0,0.1,60.0,170.0,85.0,否,否,否,Saran (莎纶 / 陶氏),耐日光露天沙滩椅面料、汽车阻燃座套、高档仿真发丝、强酸强碱腐蚀环境工业滤网,以其卓越的超低透氧透湿性与耐候耐光老化性能，在特种户外工业织物中保持稳健需求
36,BIO_ALIPH,脂肪族可降解聚酯纤维,PLA,聚乳酸纤维 (PLA/玉米纤维),Polylactic Acid Fiber (PLA),聚L-乳酸,26100-51-6,第3代生物基全降解合成纤维,1932,1997,Carothers / Cargill Dow (NatureWorks Ingeo) / 海正生物,熔融纺丝 (高纯左旋丙交酯开环聚合，熔体挤出牵伸),服装用纺织品 / 产业用纺织品,规整圆形 / 三叶异形,1.33 - 3.0 dtex (短纤及长丝FDY/DTY),"PLA 纯纺针织纱, PLA 熔喷/纺粘非织造布, PLA/棉混纺纱",丝绸般柔滑光泽、手感轻柔干爽、悬垂性极佳、抗皱免烫、天然抑菌防螨,采用特选分散染料在弱酸性(pH 5.0-6.0)低温中温(105-115℃)染色，严防高温强碱降解水解,微弱吸湿弱酸性(pH值与健康人体皮肤极度吻合约6.0)，亲肤抑菌透气抗过敏,抗起球 3-4 级；耐磨性好，燃烧发烟量极小有清甜玉米香气,良好回弹与抗皱性，抗紫外线系数优于普通聚酯,PLA 70% + 棉 30% (全生态全降解T恤)；PLA + 丝 (轻奢可降解礼服面料),高密针织单双面布、全生物降解水刺卫生巾面层、玉米纤维茶叶袋,水洗水温建议<40℃，避免强碱性洗衣粉；熨烫温度<110℃；工业堆肥下6个月全降解,"100% 生物基认证 (USDA BioPreferred), 工业可堆肥认证 (EN 13432), OEKO-TEX 100",1.25,4.2,0.53,4.5,30.0,0.6,26.0,175.0,110.0,是,是,否,"Ingeo (NatureWorks), 海正PLA, 丰原生物玉米纤维",环保茶包袋、一次性卫生巾面层无纺布、绿色运动时装、可堆肥包装布、汽车内饰顶棚,百万吨级全产业链贯通，立体复合PDLA/PLLA高耐温(耐热超130℃)技术全面打破传统PLA耐温瓶颈
37,BIO_ALIPH,脂肪族可降解聚酯纤维,PHA,聚羟基脂肪酸酯纤维 (PHA/PHBV/P34HB),Polyhydroxyalkanoates Fiber,微生物发酵合成聚羟基脂肪酸酯,29434-13-7,第4代全自然环境降解生物纤维,1926,2015,Lemoigne / 蓝晶微生物 (Bluepha) / 微构工场,熔融纺丝或湿法静电纺 (嗜盐微生物非粮碳源发酵提取聚合物),服装用纺织品 / 产业用纺织品,规整圆形实心 (微生物胞内天然合成),1.33 - 3.0 dtex (短纤及长丝),"水刺无纺布纤网, 针织短纤纱",干爽柔和似天然棉花、微有骨感、温润亲肤,分散染料低温微酸浴染色 (80-95℃),透气排湿，在土壤、淡水乃至海洋环境中均能在数月内完全被微生物吞噬降解,抗起球 3-4 级；强力适中,形态尺寸稳定，洗后自然平顺,PHA 50% + 粘胶 50% (全生态全海洋降解水刺湿巾与纸尿裤表层),水刺与热风非织造布生产线、针织圆机,温和洗涤，避免久置强碱湿热环境防降解,"TÜV OK biobased 四星认证, TÜV OK biodegradable MARINE (海洋可降解最高认证)",1.25,3.0,0.38,3.5,25.0,0.8,24.0,170.0,100.0,是,是,否,"Bluepha PHA, Kaneka Green Planet, Danimer Nodax",海洋水体与土壤无痕降解渔网、农用可降解防草地膜、高端医美缝合线、可冲散湿巾,在常温海水环境中几个月内完全降解为水和CO2，成为攻克全球海洋微塑料危机的终极纤维材料
38,BIO_ALIPH,脂肪族可降解聚酯纤维,PCL,聚己内酯纤维 (PCL纤维),Polycaprolactone Fiber,聚ε-己内酯,24980-41-4,第3代生物医用降解纤维,1930s,1980s,Union Carbide (Tone PCL),低温熔融纺丝、溶液静电纺丝,服装用纺织品 / 产业用纺织品,低熔点圆形长丝与熔喷微纤,2.0 - 5.0 dtex,"医用网眼织物, 热塑成型绑带纱",室温下柔软柔韧，加热到 60℃ 即软化透明可任意捏塑成型，冷却后变硬固定,医用原白使用，不进行高温水染,优异的组织相容性与超慢可吸收降解性 (降解周期 1-2 年),柔韧耐弯折，耐疲劳,热塑形变可逆，支持多次重复加热塑形,PCL机织网孔带用于骨科外固定医用低温热塑绷带、可吸收手术防粘连膜,经编网眼机、熔喷非织造机,严禁接触 60℃ 以上热水与烘干，常温酒精或生理盐水清洁,FDA / CE 医用植入级认证,1.15,2.6,0.3,0.5,80.0,0.4,20.0,60.0,45.0,否,是,否,"Capa (Ingevity), Monocryl 组分",微创低温定型医用矫形支架、缓释药物纳米纤维载体、3D组织工程细胞再生脚手架,在组织工程骨软骨再生微支架、神经修复微导管等高端医疗领域形成系列临床标准
39,BIO_ALIPH,脂肪族可降解聚酯纤维,PGA,聚乙醇酸纤维 (PGA/聚交酯),Polyglycolic Acid Fiber,聚羟基乙酸,26009-03-0,第3代高强超快吸收生物纤维,1954,1970,American Cyanamid (Dexon 德克松外科缝线),高真空熔融纺丝与多级热牵伸,服装用纺织品 / 产业用纺织品,超精密光滑实心单丝与多股编织束 (Dexon),医用规格 USP 8-0 至 USP 2 (极其精细微丝编织),医用编织外科缝合线 (Braid Suture),柔软顺滑易打结、打结牢固不滑脱、穿刺组织阻力极小,使用经药监批准的医用 D&C 紫色染料着色便于外科手术辨识,体内高抗张强力保持期 2-3 周，60-90 天通过水解完全吸收为无毒羟基乙酸,无毛细现象，不引起细菌沿缝线逆行感染,抗拉延伸率可控，张力持久稳定,纯聚乙醇酸精密多股紧密圆编编织 (替代传统不可降解丝线),高精密医用缝合线编织机,一次性无菌铝箔密封包装，严禁受潮,"FDA PMA 医疗器械最高上市许可认证, ISO 13485",1.53,8.0,1.22,7.5,18.0,0.5,28.0,225.0,120.0,否,是,是,"Dexon, Kureha PGA, 国能神华包头煤制PGA",外科可吸收手术缝合线(Dexon)、页岩油气深井可溶压裂暂堵球与桥塞工具、可降解血管支架,万吨级煤化工草酸二甲酯路线PGA规模投产，石油工程深井完井工具与高端医疗缝合线实现全面替代
40,BIO_ALIPH,脂肪族可降解聚酯纤维,PLGA,聚(L-丙交酯-共-乙交酯)纤维 (PLGA),Poly(L-lactide-co-glycolide) Fiber,L-丙交酯与乙交酯无规/嵌段共聚物,26780-50-7,第3代精准调控医用降解纤维,1970s,1974,Ethicon (强生 Vicryl / 薇乔线),精密熔融纺丝或静电纺丝,服装用纺织品 / 产业用纺织品,光滑精密圆形多复丝微丝,USP 规格外科精密线,精密医用圆编缝线 (Vicryl 维克利缝线),表面涂覆硬脂酸钙涂层，过针滑顺如水、极易扎结打结,医用紫着色或未染色本白,吸收周期可通过乙交酯与丙交酯共聚比例调控在 4-8 周，组织反应微弱,编织致密，打结紧固不破损,初始强力极高，为天然蚕丝缝线的 2-3 倍,PLGA缝线外包薄层聚己内酯涂层消除组织拖拽力,医用特种精密编织机,环氧乙烷灭菌无菌包装,FDA / CE 医用植入耗材认证,1.35,6.8,0.92,6.0,22.0,0.5,26.0,200.0,110.0,否,是,是,"Vicryl (薇乔), Polyglactin 910",强生Vicryl可吸收缝合线、可控体内吸收组织补片、靶向长效抗癌药物纳米缓释微纤,通过调控单体比例可精准设定体内降解周期(2周至6个月)，保持临床外科缝线全球金标准
41,BIO_ALIPH,脂肪族可降解聚酯纤维,PDO,聚对二氧环己酮纤维 (PDS/PDO线),Polydioxanone Fiber,"聚(1,4-二氧杂环己烷-2-酮)",29964-84-9,第3代单丝高韧医用生物纤维,1970s,1981,Ethicon (DuPont/强生 PDS),熔融纺丝与连续固相退火单丝挤出,服装用纺织品 / 产业用纺织品,单股均质光滑正圆形 (Monofilament PDS),USP 7-0 至 1 单股单丝线,单股免打结倒刺外科缝合线 (Barbed Suture),柔韧滑溜、穿过组织切口零毛糙、拉力均匀,医用紫着色,体内长效强力支撑达 6 周以上，完全吸收周期约 180-210 天，单丝无空隙绝不窝藏细菌,单丝光洁无起毛球，切口切割倒刺后自锁闭合,高弹性柔韧回复，不硬切切割伤口边缘,PDO 单丝激光切割倒刺制成微整形面部提升埋线、心脏血管吻合线,精密熔融纺丝拉伸退火一体化产线,严格防潮密封无菌保存,FDA 认证最高级别可吸收单丝线,1.38,5.2,0.72,2.2,35.0,0.4,22.0,110.0,75.0,否,是,是,"PDS II (强生), 恒生PPDO提拉线",医美微创面部抗衰倒刺提升线(大V线)、小儿心血管长效可吸收手术单丝、防粘连疝气修补网,在医疗美容微创埋线提升与儿童心胸外科手术中为无可争议的刚性标杆单丝材料
42,BIO_ALIPH,脂肪族可降解聚酯纤维,PBS,聚丁二酸丁二醇酯纤维 (PBS/PBAT共聚酯纤维),Poly(butylene succinate) & PBAT Fibers,"聚丁二酸-1,4-丁二醇酯",25777-14-4,第3代热塑性降解共聚酯纤维,1990s,2000s,昭和高分子 (Bionolle) / 金发科技,熔融纺丝 (常规熔纺与纺粘无纺布工艺),服装用纺织品 / 产业用纺织品,圆形短纤及长丝,1.5 - 3.0 dtex,"纺粘非织造布, 短纤混纺纱",手感柔软顺滑似聚丙烯PP，无刺痒感,分散染料中温染色，耐温性优于PLA (耐热达110℃),透气透水，在自然土壤堆肥中 3-6 个月全降解,耐磨性中等，满足日常使用寿命,尺寸稳定抗皱,PBS + 棉 (可堆肥环保工装布)；PBS纺粘非织造布做农业防冻防虫抑草地膜,纺粘无纺布设备、圆机针织,常规水洗，用后可堆肥还田,"BPI 堆肥认证, DIN CERTCO 可堆肥认证",1.26,3.2,0.4,2.0,45.0,0.7,21.0,115.0,85.0,否,是,否,"Bionolle, Ecoflex (BASF), 金发PBS",农业全生物降解育苗钵、水土保持绿化防护网、一次性酒店日用品织物、包装填充棉,柔韧性大幅优于纯PLA，与PLA共混复合熔融纺丝制备兼具刚韧性能的全降解无纺布
43,BIO_FDCA,新型生物基呋喃与芳杂聚酯纤维,PEF,聚呋喃二甲酸乙二醇酯纤维 (PEF/全生物基芳香族聚酯),Polyethylene Furanoate Fiber (PEF),"聚2,5-呋喃二甲酸乙二醇酯",28728-19-0,第4代全生物基划时代聚酯,2009,2024,Avantium (荷商阿凡提亚) / 中科院宁波材料所,熔体缩聚-固相增粘-高速熔融纺丝,服装用纺织品 / 产业用纺织品,规整圆形实心长丝,1.0 - 2.5 dtex (高阻隔生物基长丝),"FDY, DTY, 高支细旦针织纱",比常规PET更挺阔平整、骨感极佳、悬垂干爽、抗皱免烫,分散染料在 115-125℃ 即可深染，能耗低于PET,氧气阻隔性为普通聚酯的 10 倍，耐热温度比 PET 提高 20℃,抗起球 4 级；极高耐磨损与抗拉强度,抗皱保形免烫性能优异,PEF 100%全生物基长丝机织用于高端绿色防风风衣面料、绿色饮料瓶标签布,高密喷气机织、经编防风织造,标准机洗与高温熨烫 (耐烫达 160℃),"100% 植物基原料认证 (全生物基FDCA与乙二醇), 碳足迹减排70%",1.43,5.8,0.83,14.5,18.0,0.7,24.0,215.0,140.0,是,否,是,"Releaf, Avantium PEF",高阻隔绿色工业滤布、全生物基耐蠕变轮胎帘线、高性能防紫外防风运动风衣、阻气特种织物,万吨级工业化旗舰装置平稳运行，阻气性较PET提升10倍，碳足迹减少70%以上，被誉为‘绿色PET杀手’
44,HP_ARAMID,芳香族聚酰胺类纤维 (芳纶家族),PPTA,对位芳纶 (芳纶1414/凯夫拉),Para-Aramid Fiber (PPTA),聚对苯二甲酰对苯二胺,26125-61-1,第3代战略高性能特种纤维,1965,1971,Stephanie Kwolek (斯蒂芬妮·克沃勒克 / 杜邦 DuPont Kevlar),液晶干喷湿纺 (浓硫酸发烟液晶相溶液喷丝，水浴骤冷牵伸热定型),产业用纺织品 (特种安全防护与工程),圆形，高度原纤化结晶皮芯结构,1.1 - 3.3 dtex (高强长丝 200D - 3000D),"长丝并股纱, 芳纶短纤机织混纺纱, 芳纶防切割包覆纱",金黄色高光泽、高刚性挺硬、极轻自重、极高断裂强力与断裂模量,大分子共轭结晶度极高无法常规水染，以天然亮金黄色或原液黑丝/军绿色为主,LOI 达 30%，高温不熔化，500℃炭化，高比强度为优质钢材的 5-6 倍,抗切割抗剪切能力极强；但纤维轴向横向抗压疲劳与耐磨损弱于锦纶,断裂伸长率低 (2.5%-3.5%)，几乎无塑性伸长，抗蠕变性能极优,对位芳纶 + 间位芳纶 (防电弧阻燃安全服)；对位芳纶 + 钢丝 (5级防切割手套),防弹无纬布 (UD布) 交叉层压、多臂防弹防刺机织平纹、重载输送带帆布,耐受工业洗涤，严禁长时间强日光紫外线直射暴晒，耐化学酸碱腐蚀,"NIJ 防弹标准认证, GA 68 警用防刺服认证, ISO 11612",1.44,22.0,3.16,110.0,3.5,4.5,29.0,,260.0,否,否,是,"Kevlar (杜邦凯夫拉), Twaron (帝人芳纶), 泰和新材泰普龙",军警防弹衣与战术头盔、光纤中心加强芯抗拉纱、航天发动机防碎弹道护罩、高端防刺防割手套,超高强高模型(Kevlar 129/Twaron 2200)全国产化完全自主可控，年产能破3万吨位居全球前列
45,HP_ARAMID,芳香族聚酰胺类纤维 (芳纶家族),PMIA,间位芳纶 (芳纶1313/诺梅克斯),Meta-Aramid Fiber (PMIA),聚间苯二甲酰间苯二胺,25765-47-3,第3代耐高温耐火焰特种纤维,1961,1967,DuPont (杜邦 Nomex / 诺梅克斯),低温溶液湿法纺丝或干法纺丝 (DMAc-LiCl溶剂体系),产业用纺织品 (特种安全防护与工程),圆形 / 腰圆形,1.7 - 2.5 dtex (短纤及长丝),"精梳短纤纱线 (30S-40S), 芳纶纸浆沉析纤维",柔软似普通聚酯短纤、手感温和透气、服用舒适性显著优于对位芳纶,采用特种高温高压载体染色工艺，或原液着色(藏青/警黑/军绿/消防橙),公定回潮率 5.5% (吸湿好于涤纶)，LOI 达 29%-32%，遇明火迅速碳化增厚隔热,抗起球 3-4 级；耐热磨损性强，耐连续服役 220℃ 高温达数千小时,断裂伸长率 25%-35%，手感柔顺，制成防护服活动自如舒适,PMIA 93% + PPTA 5% + 导电丝 2% (著名的 Nomex IIIA 石化消防防电弧面料),消防防护服面料机织、高温工业除尘滤袋针刺非织造、电机绝缘纸,常规工业耐洗 100 次，阻燃防电弧性能永久不衰减；水温可达 60℃,"NFPA 1971 消防标准, OEKO-TEX Standard 100",1.38,4.8,0.66,12.0,30.0,5.5,32.0,,220.0,否,否,是,"Nomex (诺梅克斯), Conex (帝人), 美士达 (泰和新材)",特勤消防战斗服、赛车手抗火服、飞机客舱内饰阻燃壁板、特高压变压器芳纶绝缘纸(Nomex纸),原液着色耐光老化间位芳纶与航空级芳纶蜂窝芯材纸基材料彻底实现自主技术全覆盖
46,HP_ARAMID,芳香族聚酰胺类纤维 (芳纶家族),ARAMID-III,杂环芳纶 (芳纶III / Armos / Rusar),Heterocyclic Aramid Fiber (Aramid III),共聚苯并咪唑芳香族聚酰胺,,第4代超高强抗弹特种纤维,1970s,1985,"俄罗斯前苏联全俄人造纤维研究院 (VNIISV / Armos, Rusar) / 中蓝晨光",干喷湿纺或湿法纺丝 (含苯并咪唑刚性单体共聚，液晶相纺丝),产业用纺织品 (特种安全防护与工程),致密圆形，含苯并咪唑杂环共轭刚性链,1.1 - 2.5 dtex (高强束长丝),"特级高强长丝并捻线, 宇航特种织带",金黄色金属般光泽、极端刚硬强韧、工业防弹手感,天然金黄色原色应用，无需水染,抗拉强度高达 4.2-4.5 GPa (比普通Kevlar高40%)，断裂模量>130 GPa,抗极端冲击穿透切割，抗破片侵彻防弹吸能极其优异,几乎零塑性形变，抗高载荷蠕变,芳纶III 机织平纹布与树脂复合制备神舟飞船主降落伞悬挂带、直升机轻量装甲板,高张力宽幅剑杆重型织机、无纬布UD交叉铺层机,耐受工业洗涤与各种航空滑油，严格避免长期阳光直射,军用特种高性能材料准入认证,1.45,28.0,4.1,135.0,3.0,3.8,38.0,,300.0,否,否,是,"Rusar-S, Armos, 中蓝晨光芳纶III",战略导弹固体火箭发动机缠绕壳体、高超音速飞行器结构件、重型顶级防弹装甲、极端宇航缆绳,我国在杂环单体合成及连续干喷湿纺工程化取得重大突破，实现宇航主承力结构批量列装
47,HP_ARAMID,芳香族聚酰胺类纤维 (芳纶家族),PSA,聚砜酰胺纤维 (芳砜纶 / PSA纤维),Polysulfonamide Fiber (PSA),"聚对苯二甲酰-3,3'-二氨基二苯砜",31843-05-9,第3代中国独创耐温阻燃芳香纤维,1972,1980s,上海合成纤维研究所 (中国原创重大突破),低温溶液湿法纺丝,产业用纺织品 (特种安全防护与工程),规整圆形或微腰圆形 (芳砜纶),1.7 - 2.5 dtex (短纤及长丝),"阻燃纯纺与混纺纱 (20S-40S), 高温除尘针刺毡",手感柔软顺滑似棉毛、舒适透气、亲肤无刺激、鲜艳明亮天然亮黄色,可在载体助剂或高温高压下进行酸性/阳离子染料染色，易染性远优于间位芳纶,公定回潮率 4.5%，LOI 达 33%，长期耐受 250℃ 连续服役达数万小时,抗起球 3-4 级；抗热磨损好,断裂伸长率 18%-25%，制作防护服活动柔和不僵硬,芳砜纶 60% + 阻燃粘胶 40% (高舒适性特种消防战斗服与电焊服面料),重型工装机织机、高密工业针刺过滤除尘生产线,常规耐工业洗涤 100 次阻燃耐温性能零衰减，水温可达 60℃,"GB 8965 阻燃A级认证, OEKO-TEX Standard 100",1.4,3.8,0.53,9.5,18.0,4.5,33.0,,250.0,否,否,是,Tanlon (芳砜纶 / 上纤所),250℃工业袋式除尘滤料、冶炼焊接防飞溅工服、特种电机H级电气绝缘纸、防火隔热毡,具有完全自主知识产权，在电力绝缘、钢铁水泥高温尾气治理滤袋保持长期竞争优势
48,HP_ARAMID,芳香族聚酰胺类纤维 (芳纶家族),TECHNORA,共聚对位芳纶纤维 (Technora / 泰诺拉),Co-Polyparaphenylene Terephthalamide (Technora),"对苯二甲酰氯与对苯二胺/3,4'-二氨基二苯醚三元共聚物",63428-84-2,第3代高韧共聚芳香纤维,1974,1987,Teijin (日本帝人),各向同性溶液干喷湿纺及超高倍热拉伸 (热拉伸比可达10倍),产业用纺织品 (特种安全防护与工程),平滑圆形实心 (共聚芳纶),1.7 - 3.3 dtex (长丝束),"高韧性共聚芳纶长丝线, 深海系泊高强缆绳",坚韧刚滑、抗弯曲打结强力保持率极高 (远胜普通PPTA),出厂原液深染 (亮金黄、深黑、消防橙),强度 3.4 GPa，耐热分解温度达 500℃，抗蒸汽水解性能显著优于传统芳纶,耐受反复通过滑轮的动载屈折磨损寿命为 Kevlar 的 3-4 倍,受张力拉伸极小，吸能回弹佳,Technora 长丝机织高档美洲杯帆船高强复合帆布、超深海缆绳外层耐磨编织,重型剑杆织机、大型十二股八股绳缆编织机,耐海水浸泡、耐油脂腐蚀，淡水冲洗即可,DNV 船级社海工系泊认证,1.39,24.5,3.4,74.0,4.6,2.2,25.0,,210.0,否,否,是,Technora (泰诺拉 / Teijin),深海系泊缆绳、汽车高应力正时皮带骨架、耐屈挠输送带、航空降落伞吊绳,在反复屈折耐疲劳寿命上超越标准Kevlar数倍，为重载动负荷绳缆首选特种芳纶
49,HP_UHMWPE,超高分子量聚乙烯纤维,UHMWPE,超高分子量聚乙烯纤维 (迪尼玛/大力马/防弹纤维),Ultra-High Molecular Weight Polyethylene Fiber,超高分子量聚乙烯 (重均分子量>300万-500万),9002-88-4,第3代世界三大高性能纤维之一,1963,1979,Piet Lemstra (帝斯曼 DSM Dyneema) / AlliedSignal (Spectra),冻胶凝胶纺丝-超高倍热拉伸 (十氢萘或白油溶剂制备超缠结解聚冻胶，拉伸比>30-50倍),产业用纺织品 (特种安全防护与工程),平滑圆形 / 多原纤复合束,50D - 1600D (高强细旦长丝与工业粗纱),"超高强长丝 (Dyneema/Spectra), 超高强包覆纱",质地极轻 (密度0.97浮水)、触感冰凉光滑、蜡质手感、坚韧不可摧,无极性超高结晶，常规染料不溶，主要为本白或等离子体处理后原液黑丝着色,零吸水(回潮率0.0%)，极高导热系数赋予极致瞬时接触凉感,耐磨性为对位芳纶的数倍，抗反复屈折疲劳寿命远超芳纶，防刀割刮擦性能极佳,抗拉强度高达 3.0-4.0 GPa，断裂伸长率 3.5%，高强抗冲击吸能,UHMWPE + 玻纤 + 锦纶 + 氨纶 (高端防切割手套)；UHMWPE凉感丝 + 棉交织,防切割无缝手套机针织、超轻防弹UD无纬布、高强航海帆缆编织,水洗温度严禁超过 60℃（其熔点仅 145℃，耐热温度<90℃），严禁蒸汽熨烫,"EN 388 最高5级切割认证, 军工防弹防爆鉴定",0.97,36.0,3.5,120.0,3.2,0.01,17.0,150.0,80.0,否,否,是,"Dyneema (迪尼玛 / Avient), Spectra (霍尼韦尔), 同益中, 九九久",超轻防弹插板、防切割五级手套、深海拖缆系泊巨绳、超轻高端鱼线、雷达天线罩,低蠕变超耐磨改性(耐蠕变提升300%)及环保水相干法冻胶纺丝技术彻底工业化，中国产能占全球70%以上
50,HP_HETERO,刚性链杂环与热致液晶聚合物纤维,PBO,聚苯并双恶唑纤维 (PBO纤维/柴隆),Poly-p-phenylenebenzobisoxazole Fiber (PBO),聚(对亚苯基苯并二恶唑),62061-07-2,第4代‘21世纪超级纤维’,1980s,1998,美国空军材料实验室 (AFML) / 日本东洋纺 (Toyobo Zylon),液晶相干喷湿纺 (多聚磷酸PPA溶液中合成液晶，骤冷凝固水洗热处理),产业用纺织品 (特种安全防护与工程),光滑圆形实心刚性棒状大分子,1.5 - 2.5 dtex (超级长丝柴隆 Zylon),特级超级长丝复丝束 (250D - 1500D),亮金黄色、高密度坚挺、人类有机纤维强力与模量之绝对巅峰,天然金黄色原色使用，耐热阻燃极其强悍,极限氧指数 LOI 高达 68% (空气中绝对不可燃)，抗拉强度 5.8 GPa，模量 270 GPa，耐温 650℃,抗冲击能量吸收率是 Kevlar 的 2 倍，防高速破片穿刺之王,极低断裂伸长率 (2.5%)，抗微应变变形,PBO长丝机织用于F1赛车驾驶员座舱防碎片防穿刺防护帘、航天飞行器隔热毡,特种重型平纹织机、碳化硅复合编织,耐各种强酸强碱，严禁受光照暴晒与长期高湿蒸汽存放,FIA 国际汽联一级方程式安全认证,1.56,42.0,5.8,280.0,2.5,0.6,68.0,,350.0,否,否,是,"Zylon (柴隆 / 东洋纺 Toyobo), 中蓝晨光PBO",航天隔热层遮阳网、F1赛车驾驶舱防护、火星着陆器减速伞牵引索、高端防暴头盔盾牌,攻克其固有光紫外老化痛点（纳米表面涂层改性与共聚改性），千吨级高纯连续丝束自主量产稳定供货
51,HP_HETERO,刚性链杂环与热致液晶聚合物纤维,PBI,聚苯并咪唑纤维 (PBI纤维),Polybenzimidazole Fiber (PBI),"聚-2,2'-(间亚苯基)-5,5'-联苯并咪唑",25734-65-0,第3代极限耐火阻燃特种纤维,1961,1983,Carl Marvel / Celanese (塞拉尼斯 PBI Products),干法纺丝 (DMAc高压溶解挤入高温甬道，随后高温高倍拉伸并磺化稳定),产业用纺织品 (特种安全防护与工程),圆形 / 腰圆形均质结构,1.5 - 2.2 dtex (短纤及长丝),"PBI 精梳阻燃纱线 (20S-40S), PBI混纺防护布",手感柔软顺滑似天然棉花、吸湿透气极佳、穿着舒适无刺激、纯正金褐色,出厂原色金棕或黑色使用，无需后染,公定回潮率高达 15.0% (比棉还吸汗透气！)，LOI 达 41%，遇火焰完全不延燃、不硬化发脆，仍保持柔软,抗起球 4 级；极端高温冲刷下表面完整无破洞,受热不收缩，保形防护极高,PBI 40% + 对位芳纶 60% (国际顶级 PBI Matrix 消防灭火战斗服外层面料),喷气织机高密平纹与斜纹工装机织、针织防爆头套,支持工业高温机洗 100 次，防火效能永久保真,"NFPA 1971 (美国消防最高标配认证), OEKO-TEX 100",1.43,3.5,0.5,6.5,28.0,15.0,42.0,,350.0,否,否,是,PBI (Celazole / PBI Performance Products),NASA航天服外层耐火面料、高级重型特勤消防外勤战斗服、石化火灾避险防爆服,国际最高级别热防护服装不可替代标配；与对位芳纶按比例混纺织物占据全球高端消防核心地位
52,HP_HETERO,刚性链杂环与热致液晶聚合物纤维,PIPD,聚二咪唑并吡啶撑二羟基亚苯基纤维 (M5纤维),"Poly(2,6-diimidazo[4,5-b:4',5'-e]pyridinylene-1,4-(2,5-dihydroxy)phenylene) (M5)",双羟基吡啶并二咪唑聚合物 (具有网状双分子内氢键刚性棒状分子),,第4代超高压缩强度刚性链纤维,1990s,2000s,Akzo Nobel / Magellan Systems International,液晶相干喷湿纺 (浓PPA溶剂水解凝胶，多重分子链间双氢键致密排列),产业用纺织品 (特种安全防护与工程),刚性棒状双氢键网络晶体截面 (M5超级纤维),1.5 - 2.0 dtex,超高强长丝复丝线,亮金蓝色微光、硬挺强韧、抗压强度居聚合物之首,原色高结晶应用,强度 4.0 GPa，模量 330 GPa，横向抗压剪切强力比普通芳纶高 3 倍,抗高压磨擦，抗多次弯折疲劳性能优良,抗形变抗蠕变,PIPD机织布用于下一代超轻量士兵单兵头盔与重型防弹插板,特种平纹织机造,耐热耐酸碱耐辐射,军工先进材料鉴定,1.7,35.0,5.0,330.0,1.5,1.0,50.0,,320.0,否,否,是,M5 Fiber,航空航天机翼复合材料桁条、高抗冲击弹道护板、超高压缩复合支架(克服传统碳纤维易脆断压屈痛点),其轴向抗压缩强度达1.6 GPa（为对位芳纶的3倍），在解决复合材料压缩破坏关键技术中发挥核心作用
53,HP_HETERO,刚性链杂环与热致液晶聚合物纤维,TLCP,聚芳酯纤维 (热致液晶高分子纤维 / Vectran),Polyarylate Fiber (Thermotropic Liquid Crystal Polymer / Vectran),对羟基苯甲酸与6-羟基-2-萘甲酸无规共聚酯,81843-52-9,第3代热致液晶高性能纤维,1970s,1990,Celanese (塞拉尼斯) / Kuraray (日本可乐丽 Vectran),熔融纺丝及固相高真空长时后热处理 (熔体直接展现各向异性向列液晶相),产业用纺织品 (特种安全防护与工程),全芳香热致液晶多层取向结构 (Vectran),200D - 1500D (高强聚芳酯长丝),"长丝并捻线, 高密抗切割包覆纱",蜡滑润滑、坚硬强韧、金黄色微光泽,原色金黄或黑丝使用,零吸水，抗拉强度 3.2 GPa，在极低温度(-196℃液氮)下不仅不发脆，强力反而提升,抗磨损抗刀割性能达到世界顶级水准，弯折疲劳寿命为 Kevlar 的 10 倍,零蠕变，受长期恒定拉力下拉伸永久形变为零,Vectran 机织用于 NASA 火星探测器着陆冲击缓冲气囊、深海拖曳高强缆绳,重型剑杆无梭机织平纹织物、环形密织绳带,耐受海水腐蚀与漂白剂，避免强碱水煮,NASA 宇航严选飞行认证,1.4,26.0,3.2,85.0,3.8,0.1,28.0,330.0,160.0,否,否,是,Vectran (威克特纶 / Kuraray),NASA火星探测器气囊(勇气号/机遇号)、深海超高耐切割系泊绳、羽毛球拍网线、高保真音响振膜,在超低温极寒宇航环境下保持超强韧性，且耐弯折疲劳性显著超越碳纤维和芳纶
54,HP_ENG,特种工程热塑性与耐高温纤维,PPS,聚苯硫醚纤维 (PPS纤维),Polyphenylene Sulfide Fiber (PPS),聚(对苯硫醚),25212-74-2,第3代特种耐酸碱耐温工程纤维,1967,1983,Phillips Petroleum (菲利普斯石油 Ryton) / 帝人 / 浙江新和成,高温熔融纺丝与高倍热牵伸 (熔融温度310℃),产业用纺织品 (特种安全防护与工程),规整圆形实心 / 三叶截面 (聚苯硫醚),1.7 - 2.5 dtex (工业耐腐短纤及长丝),"高温除尘针刺毡短纤维, PPS 机织长丝",坚硬滑爽微弹、金白至浅黄色、手感挺刮,通常为原色浅白使用，无需染色,公定回潮率 0.6%，LOI 达 34%，耐连续工作温度 190℃ (瞬时耐温 230℃),抗反复高压脉冲气流反吹磨损性能极佳,抗酸露点腐蚀，高温下抗收缩形变,PPS 短纤 100% 针刺高温除尘过滤毡，或与 PTFE 基布复合针刺,高密度工业无纺针刺生产线、多臂平纹滤布机织,耐受高压烟气与强酸水洗冲刷，耐工业高温清洗,国家超低排放脱硫脱硝烟气除尘达标产品,1.35,4.5,0.6,4.5,25.0,0.2,34.0,285.0,190.0,否,否,是,"Ryton, Toray PPS, 新和成PPS短纤",燃煤火电厂与垃圾焚烧锅炉烟气脱硫除尘高温耐腐蚀滤袋、造纸工业干燥成型网、特种电绝缘织物,在190℃含酸性二氧化硫湿热烟气环境下服役寿命超3年，为我国超低排放环保滤料支柱品种
55,HP_ENG,特种工程热塑性与耐高温纤维,PEEK,聚醚醚酮纤维 (PEEK纤维),Polyetheretherketone Fiber (PEEK),聚芳醚醚酮,29658-26-2,第3代超耐热宇航工程特种纤维,1977,1980s,ICI (英国帝国化学 / Victrex 威格斯) / 中研股份,超高温熔融纺丝 (熔体温度达380-400℃，需特种抗氧化喷丝组件),产业用纺织品 (特种安全防护与工程),光滑圆形实心 (聚醚醚酮特种工程长丝),3.0 - 15.0 dtex (100D - 1000D 长丝及单丝),"特种工业复丝, 编织套管单丝",坚韧光滑有骨力、琥珀米黄色、手感极度耐磨刚挺,出厂原色使用，无需后染,熔点 343℃，连续服役温度高达 260℃，烟气析出毒性极小,耐刮擦抗摩擦磨损性能为塑料之王，自润滑性好,抗反复疲劳弯曲与蠕变，尺寸极其恒定,PEEK 单丝机织造纸网毯、航空发动机高耐温线束编织护套、核电站过滤网,高张力宽幅单丝机织、特种多头圆管编织机,耐一切有机溶剂与除浓硫酸外的所有酸碱，耐受反复高温蒸汽灭菌,"FDA 接触级认证, 航空级材料准入认证",1.3,6.5,0.85,8.0,20.0,0.2,35.0,343.0,250.0,否,否,是,"Zyex (Victrex), PEEK filament, 吉大特塑",航空航天热塑性热熔预浸料基体、网状植入医用脱垂修补片、半导体晶圆烘烤清洗载具网、油井电缆铠装护套,热塑性碳纤维/PEEK共混编织预浸料在下一代宽体客机机身壁板制造中进入规模化适航认证
56,HP_ENG,特种工程热塑性与耐高温纤维,PI-F,聚酰亚胺纤维 (PI纤维),Polyimide Fiber,聚均苯四甲酰亚胺 / 聚联苯型共聚聚酰亚胺,25038-81-7,第3代全能型耐高温特种纤维,1960s,1980s,Evonik (P84 奥地利赢创) / 长春应化所 / 江苏奥神,湿法或干法两步法纺丝 (聚酰胺酸PAA溶液纺丝后高温化学或热亚胺化),产业用纺织品 (特种安全防护与工程),规整平滑圆形截面 (聚酰亚胺),1.5 - 3.0 dtex (短纤及金黄长丝),"高温除尘短纤针刺毡, 宇航多层隔热织物长丝",柔软滑爽透气似羊毛、干爽轻盈、鲜艳亮金黄色,天然金黄色原色使用，阻燃耐温性能极其优异,LOI 达 38%，耐超低温(-269℃液氦)至高温(300℃)，极宽温域下不脆化、不熔化,耐磨性好，柔软度高，比芳纶更加耐高温热辐射,弹性好，抗热收缩率<0.5%,聚酰亚胺与芳纶或PTFE混纺制备特高温除尘滤袋、宇航服外层绝热层,高密平纹机织、三维非织造针刺,耐受工业干洗与高温水洗，耐辐射不老化,"国家绿色先进制造认证, 航天军工标准",1.41,5.5,0.8,12.0,16.0,2.5,38.0,,260.0,否,否,是,"P84 (赢创 Evonik), 奥神PI短纤, 惠生PI长丝",260℃耐温微细异形截面高温除尘滤袋(P84叶裂形)、航天器多层隔热组件(MLI)、航天服阻燃内衬,高强高模型聚酰亚胺长丝在深空探测器耐辐照绳索和柔性太阳翼薄膜基底增强中实现不可替代应用
57,HP_FLUORO,含氟特种聚合物纤维,PTFE-F,聚四氟乙烯纤维 (PTFE纤维/氟纶),Polytetrafluoroethylene Fiber (Fluorofibre),聚四氟乙烯 (塑料王纤维化),9002-84-0,第3代极限耐化学腐蚀特种纤维,1938,1953,Roy Plunkett (杜邦 DuPont Teflon / 特氟龙),糊状挤出膜裂纺丝法、乳液载体湿纺法 (与纤维素共混烧结炭化载体),产业用纺织品 (特种安全防护与工程),多孔撕裂膜扁平原纤化截面 (特氟龙/氟纶),2.0 - 5.0 dtex (短纤及裂膜长丝),"PTFE 长丝缝纫线, PTFE 针刺滤毡短纤, 膨体ePTFE膜复合布",极端蜡滑油腻感、摩擦系数人类已知固体中最低(0.04)、完全不润湿,化学惰性极高任何染料均无法上色，全部为半透明白或纯白,公定回潮率 0.0%，极限氧指数 LOI 95% (绝对不燃烧)，长期耐受 260℃ 强腐蚀环境,摩擦系数极低防挂擦，但强力低于常规聚酯,自润滑性好，柔韧耐折叠,PTFE 短纤针刺于 PPS 基布上做垃圾焚烧烟气超级耐腐除尘布袋；ePTFE膜与锦纶复合做GORE-TEX冲锋衣,平纹剑杆织机、工业耐腐针刺线、膨体微孔拉膜线,耐强酸强碱冲洗消毒，抗一切污渍黏附，清水一冲即净,"FDA 食品医用级认证, ISO 14001",2.15,2.5,0.54,3.0,25.0,0.0,95.0,327.0,260.0,否,否,是,"Teflon (特氟龙), Gore-Tex (戈尔), Profilen",王水及全溶剂耐极端腐蚀工业密封填料盘根、化工苛刻高温酸洗脱硫滤布、人造心血管微孔移植物(ePTFE),膜裂纤维及超细微孔膨体ePTFE技术高度成熟，在严苛湿化学催化过滤与人工脏器中持续占据霸主地位
58,HP_FLUORO,含氟特种聚合物纤维,PVDF-F,聚偏二氟乙烯纤维 (PVDF纤维),Polyvinylidene Fluoride Fiber,聚偏氟乙烯 (具有特异电活性β相偶极排列),24937-79-9,第3代压电与耐候功能纤维,1940s,1970s,Pennwalt (Kynar) / 阿科玛 (Arkema),熔融纺丝高倍电场牵伸，或静电纺丝直接原位极化取向诱导β相,产业用纺织品 (特种安全防护与工程),圆形实心氟碳长丝,2.0 - 6.0 dtex (高耐候长丝及钓鱼线),"建筑张拉膜基布长丝, 压电传感长丝",光滑坚实、刚韧透明、在水中折射率接近水（入水隐形）,原色透明或耐候色母粒纺丝,零吸水，耐候抗UV，极高偶极矩具备独特压电/热释电响应特性,耐磨耐刮，在砂石与礁石摩擦下不易断裂,高结晶高模量，抗拉延伸率低,PVDF长丝机织用于大型体育场馆建筑张拉膜结构基布、水下隐形碳素钓鱼线,重型剑杆平纹织机、精密编织线,耐酸雨、耐日光暴晒，免维护清洗,建筑绿色耐久认证,1.78,3.5,0.62,2.5,30.0,0.04,44.0,175.0,140.0,否,否,是,"Kynar (阿科玛), Solef (索尔维), 氟碳鱼线",自供电压电织物传感器、深海隐蔽水听器声学敏感织物、海水淡化微滤中空纤维膜、耐高光耐候特种渔线,原位极化纳米纤维微纳阵列实现足底与关节运动微能量高效收集，成为柔性可穿戴自驱动主流能量捕获元件
59,HP_THERMO,耐高温交联热固性树脂纤维,NOV,酚醛纤维 (诺沃洛伊德/Kynol),Novoloid Fiber (Phenol-Formaldehyde Fiber),热固性交联线型酚醛树脂纤维,26023-27-8,第2代特种三维交联耐火耐炭化纤维,1969,1972,Carborundum (卡波伦登) / 日本群荣化学 (Gun Ei Chemical),热塑性线型酚醛树脂熔融纺丝后，在甲醛与盐酸水溶液中加热固化深度交联,产业用纺织品 (特种安全防护与工程),不规则椭圆形实心 (酚醛树脂纤维 Kynol),1.7 - 2.5 dtex (短纤),"酚醛短纤混纺纱 (20S-32S), 防火针刺毡",手感柔软顺滑似羊毛、金黄至红棕色、微有弹性,原色金色红棕直接使用，耐火阻燃性极高,LOI 达 35%，遇 2000℃ 等离子火焰直接烧蚀不熔化、不滴落，微微碳化形成无机三维炭屏障,耐磨性中等，与芳纶或棉混纺弥补机械强力,蓬松回弹，隔热阻火,酚醛纤维 35% + 羊毛 65% (高端防飞溅金属冶炼阻燃防护服、防爆防火毯),粗纺呢绒机织、工业非织造针刺,耐受工业常规机洗，耐化学有机溶剂,NFPA 消防防火安全认证,1.27,1.8,0.23,4.5,30.0,6.0,34.0,,160.0,否,否,是,"Kynol (群荣化学), Novoloid",高温密封烧蚀无石棉盘根、航天耐热碳前驱体、阻燃赛车服衬垫、化学品防护毯,遇火碳化转化率极高且不收缩，常与碳纤维、芳纶混纺用于严苛火灾阻隔层与高端活性碳纤维前驱体
60,HP_THERMO,耐高温交联热固性树脂纤维,MEL,三聚氰胺甲醛纤维 (美耐皿纤维/Basofil),Melamine Fiber,三聚氰胺与甲醛交联缩聚高分子,25036-13-9,第3代高效隔热阻燃无机/有机杂化感纤维,1990s,1997,BASF (巴斯夫 Basofil / 现属 Basofil LLC),水溶液离心旋转熔体/溶液挤出纺丝后热风固化交联,产业用纺织品 (特种安全防护与工程),多叶形或近圆形微观截面 (三聚氰胺纤维 Basofil),2.0 - 3.0 dtex × 51mm (短纤),"阻燃吸音无纺絮片 (Nonwoven Batting), 阻燃混纺纱",柔软蓬松似羽丝绒、浅灰白色、质地轻柔吸音隔热,主要以原白絮片夹层使用，可分散染料中温染色,LOI 达 32%，遇火微膨胀碳化阻隔热流，释放氮气窒息火焰，发烟量极小,内置保暖阻燃夹层使用，耐反复压缩形变恢复,高蓬松三维多孔网络，吸音降噪系数高,三聚氰胺短纤 + 芳纶/阻燃涤纶混纺 (民航客机座椅阻燃防热垫、五星酒店防火床垫屏障层),气流成网热风固化无纺布生产线、针刺成网机,耐化学干洗与水洗，不可明火长时间直接烘烤,"FAR 25.853 (航空座椅防火垂直燃烧标准认证), OEKO-TEX 100",1.4,2.0,0.28,7.0,12.0,5.5,32.0,,200.0,否,否,是,"Basofil (巴斯夫), 密胺纤维",高铁与民航客机座椅防火阻隔衬垫、消防隔热手套耐热毡、工业炉窑阻火屏障,低游离甲醛绿色缩聚工艺达到欧标极高环保级别，在高端公共交通工具阻燃防火安全领域应用稳固
61,CF_PAN,聚丙烯腈基碳纤维,PAN-CF-HS,聚丙烯腈基高强型碳纤维 (T300/T700/T800/T1000/T1100),PAN-based High-Strength Carbon Fiber,聚丙烯腈热解乱层石墨微晶连续纤维,7440-44-0,第3代现代工业黑色黄金,1959,1971,Akio Shindo (进藤昭男 / 日本产总研) / 日本东丽 (Toray Torayca),湿法或干喷湿纺制备高纯原丝，经预氧化(200-300℃)、高温炭化(1000-1500℃)惰性气氛热解,产业用纺织品 (先进结构复合材料与功能吸附),规整平滑光滑圆形微观结构 (直径 5-7 μm),1K / 3K / 12K / 24K 碳纤维连续丝束 (单丝约 0.66 dtex),"碳纤维无捻粗纱 (Carbon Tow), 预浸料单向织物 (UD), 碳布 (Carbon Fabric)",深黑如墨、金属反光泽、挺硬致密如钢丝、手感轻盈无吸湿,纯黑原色不可染，直接与环氧树脂/双马树脂浸渍复合,零吸水，比铝合金轻30%比钢铁轻50%，高拉伸强度 3.5 - 7.0 GPa，热膨胀系数近于零,轴向抗拉极大，但横向脆性大，抗尖锐剪切磨损需树脂保护,完全胡克弹性体，拉伸无塑性屈服，释压瞬间回弹,机织平纹/斜纹碳布 (3K 200g/m²) 用于大疆无人机机臂、C919大型客机尾翼复合材料,多轴向经编机、重型剑杆织机、全自动三维立体五向编织机,复合固化为复合材料后终身免洗维护，耐酸碱盐雾腐蚀,"航空航天复合材料适航认证, 绿色轻量化节能认证",1.79,31.0,5.5,290.0,1.9,0.0,65.0,,500.0,否,否,是,"Torayca T700/T800/T1100, 中复神鹰 SYT55S, 光威复材, 恒神",军用民用先进大飞机机身(波音787/空客A350/C929)、风力发电超长叶片碳梁、氢气瓶III/IV型缠绕层、高端体育器材,我国T700/T800万吨级工程化全面成熟并占领全球主导，高强高模兼备高延伸T1100G/T1200级在尖端国防批量装备
62,CF_PAN,聚丙烯腈基碳纤维,PAN-CF-HM,聚丙烯腈基高模/超高模型碳纤维 (M40/M55/M60/M65J),PAN-based High-Modulus Carbon Fiber,超高温石墨化微晶规整排布碳纤维,7440-44-0,第4代超刚性宇航级石墨纤维,1970s,1980s,Toray (日本东丽) / Hexcel (美国赫氏),经超高温石墨化炉(2000-3000℃)超高温热处理，诱导微晶高度三维石墨化生长取向,产业用纺织品 (先进结构复合材料与功能吸附),高度石墨化同心圆取向碳层结构,3K / 6K 高模量碳纤维束 (M40J - M65J),"高模碳纤维单向布 (UD Tape), 高精度预浸料",纯黑、极高刚度、挺直不易弯折弯曲,原色石墨黑,弹性模量高达 390 - 640 GPa (为普通钢材的2-3倍)，受温度冷热交替尺寸形变为零,超高刚性抗微应变变形，但纤维较脆需轻拿轻放防打结折断,极端抗弯曲抗蠕变变形,高模碳布用于卫星高精度雷达抛物面反射器、太空望远镜主镜筒支撑架,微张力平纹剑杆机织、高精度单向自动铺丝铺带机,耐受高真空与零下180℃至150℃剧烈热循环交替,国家航天工程宇航级认证,1.93,19.5,3.8,588.0,0.6,0.0,70.0,,500.0,否,否,是,"Torayca M40J / M55J / M60J, 光威复材QM40/QM55",天宫空间站柔性太阳翼支撑桁架、高精度对地遥感卫星相机镜头筒、洲际弹道导弹控制舵面、离子发动机栅极,实现M55J与M60J百吨级完全自主供应链，突破极低线膨胀系数控制，保障国家天基光学与深空探测关键指标
63,CF_PITCH,沥青基碳纤维,PITCH-CF,沥青基碳纤维 (中间相超高模/各向同性级),Pitch-based Carbon Fiber (Mesophase & Isotropic),中间相沥青缩聚石墨化碳纤维,7440-44-0,第3代超高导热超高刚度特种碳纤维,1963,1970s,Otani (大谷杉郎) / Union Carbide / 日本三菱化学 (DIALEAD),煤或石油沥青经精制形成向列型中间相液晶沥青，熔融微孔纺丝、不熔化预氧化及超高温石墨化,产业用纺织品 (先进结构复合材料与功能吸附),中间相液晶辐射状或同心圆石墨微晶片层,粗束长丝 (2000 - 4000 Tex),"超高导热碳织物, 均温预浸料",金属银黑反光、质硬冰冷、热传导极速,原色石墨黑,轴向导热系数突破 800-1000 W/(m·K) (为纯铜的2倍以上)，导热均温绝冠群雄,高脆性，通常制成厚向导热垫或板材使用,超高模量 (达800 GPa)，抗拉伸变形极强,沥青基超高导热碳丝织造成导热编织物用于高超音速飞行器均温机翼前缘、大功率芯片散热基板,特种低张力织造、三维编织,耐高温耐化学腐蚀,航天热控系统权威认证,2.2,16.0,3.4,900.0,0.4,0.0,75.0,,550.0,否,否,是,"DIALEAD (三菱化学), Granoc (日本新日铁), 湖南大学沥青基CF",高功率卫星电子芯片超高导热散热基板、宇航飞行器主结构、极端超高刚性空间天线反射器,超高导热中间相沥青基碳纤维全面打破国际技术封锁，实现百吨级高纯连续丝稳定生产
64,CF_RAYON,纤维素与生物基前驱体碳纤维,RAYON-CF,粘胶基碳纤维 (宇航防热烧蚀碳纤维),Rayon-based Carbon Fiber,人造纤维素裂解无定形多孔微晶碳纤维,7440-44-0,第1代航天特种碳纤维,1879,1950s,Thomas Edison (爱迪生竹丝/人造丝炭化) / 联合碳化物 (Union Carbide UCC),高品质粘胶平纹布/长丝经阻燃浸渍催化、阶梯式慢速脱水预氧化及1200℃热解炭化,产业用纺织品 (先进结构复合材料与功能吸附),锯齿形多微孔仿人造丝轮廓，低热导疏松碳网,短纤纱及无捻长丝布,高纯粘胶基碳布 (Rayon Carbon Cloth),柔软顺垂、手感比普通碳纤维更蓬松轻盈，易于层合浸胶,深黑原色,极低导热系数与极优异的高温防热烧蚀碳层剥离性能，耐受3000℃火箭气流冲刷,抗冲刷抗高温热解冲蚀,柔顺贴膜性好，曲面铺覆紧密,粘胶基碳布浸渍改性酚醛树脂制备洲际运载火箭发动机固体推进剂喷管喉衬防热环,平纹斜纹重型剑杆织机、刺针缠绕成型,耐受极端火箭燃烧室温冲刷,宇航防热战略材料认证,1.45,5.5,0.8,45.0,2.0,1.0,60.0,,600.0,是,否,是,"AvCarb, UCC Thornel-25, 航天材料及工艺研究所粘胶基CF",洲际导弹再入弹头端头防热帽、固体火箭发动机喷管喉衬喉栓、高超音速飞行器防热大底烧蚀部件,作为国家级不可替代的极端耐烧蚀隔热特种战略物资，连续化催化低温预氧化技术大幅提高成品率
65,CF_ACT,活性碳纤维材料,ACF,活性碳纤维 (ACF/微孔吸附纤维),Activated Carbon Fiber,富微孔高比表面积石墨化交联碳纤维,7440-44-0,第2代吸附分离功能纤维,1960s,1970s,Brimer / 日本可乐丽 (Kuraray) / 东洋纺,粘胶、酚醛或PAN纤维碳化后，在800-1000℃经水蒸气或CO2高温物理/化学活化造孔,产业用纺织品 (先进结构复合材料与功能吸附),微孔密布海绵状圆柱体 (孔径 < 2 nm 超微孔占90%以上),1.5 - 3.0 dtex 短纤及连续长丝毡,"活性炭纤维毡 (ACF Felt), 活性炭纤维机织布",轻薄柔软纯黑、干爽多孔、吸附吸水极度敏锐,微孔碳原色纯黑,比表面积高达 1500 - 2500 m²/g，气相吸附速度比颗粒活性炭快 100-1000 倍,作为过滤层夹层使用，耐反复水洗与热蒸汽吹脱脱附再生,柔软微弹，贴合呼吸器轮廓,活性炭纤维机织布用于军用防化防毒面具滤层、血液透析过滤网、有害挥发废气吸附毯,针刺无纺毡生产线、平纹松式织造,使用后可采用 120-150℃ 热水蒸汽通气脱附吹干，循环重复使用达上百次,"GB 2626 防颗粒毒气认证, 环保高效吸附认证",0.85,2.5,0.25,15.0,2.5,3.0,50.0,,350.0,否,否,是,"Kynol ACF, Kuractive, 赛普乐斯ACF",化生核防毒面具滤芯、半导体超纯VOC有机废气脱附回收装置、血液透析吸附净化滤柱、超级电容器电极,微孔比表面积突破2500 m²/g且孔径分布在1-2 nm均匀调控，吸脱附速率较传统颗粒活性炭快数十倍
66,CF_NANO,先进低维碳连续纤维,CNT-F,碳纳米管宏观连续纤维 (CNT纤维),Carbon Nanotube Fiber (CNT Fiber),高度取向密排单壁/双壁碳纳米管宏观聚集体长丝,308068-56-6,第4代纳米尺度宏观组装尖端纤维,2000,2015,Poulin (湿法纺丝) / Windle (剑桥大学浮动催化CVD) / 魏飞 (清华) / 中科院物理所,浮动催化化学气相沉积(FCCVD)气相直接牵伸卷绕纺丝，或超强酸液晶湿法纺丝,产业用纺织品 (先进结构复合材料与功能吸附),数万根纳米碳管沿轴向高度定向自组装紧密束状截面,连续宏观单丝长丝 (直径 5-30 μm),"连续导电微细长丝束, 导电缝纫线",金属丝般的柔韧可弯曲、可随意打结、质地轻如鸿毛、纯黑光泽,原色纳米碳黑,电导率高达 10^5 - 10^7 S/m (接近金属铜，而密度仅为铜的1/6)，高抗拉韧性,抗反复折叠弯折万次电阻变化<1%，极耐屈折疲劳,高强高模高韧性，抗张形变低,CNT长丝机织导电面料用于飞机机翼轻量化防雷击编织网、智能可穿戴数据传输电线,超微细剑杆织机、微细圆机缝纫嵌入编织,支持常温水洗机洗，耐化学清洗，导电性终身不衰退,前沿低维纳米材料认证,1.4,32.0,4.5,250.0,4.5,0.1,60.0,,450.0,否,否,是,"Tortech Nano, Nanocomp DexMat Galvorn, 碳纳米管连续纺丝",卫星微波同轴电缆轻量化屏蔽网织物(减重80%)、宇航航天抗雷击网、微型智能肌肉驱动线、可穿戴电热防除冰,千米级连续原位纺丝速率突破100 m/min，导电率逼近金属铜(>10^7 S/m)，在航空航天线束轻量化大规模替代铜网
67,CF_NANO,先进低维碳连续纤维,GF-NANO,石墨烯宏观连续纤维 (石墨烯长丝),Graphene Fiber,二维石墨烯片层高度沿轴向排列组装宏观长丝,1034343-98-0,第4代纳米材料宏观有序构筑纤维,2011,2020,高超 (浙江大学高分子系团队原创发明),氧化石墨烯高浓度液晶溶液湿法纺丝，经化学还原/高温热还原深度石墨化缺陷修复,产业用纺织品 (先进结构复合材料与功能吸附),多层石墨烯微片同轴有序液晶排列形成的微波纹同心截面,宏观连续长丝 (50D - 300D),"石墨烯导热导电长丝, 柔性发热织带",丝质柔韧平滑、金属质感与布料触感合一、轻盈柔软,石墨烯原色深灰金属色,热导率达 1500 W/(m·K)，通电后在 3-5 秒内全幅均匀发热升温至 40-60℃，释放远红外光波,抗弯曲抗揉搓，机洗不折断断路,柔软服贴人体曲线,石墨烯长丝与锦纶交织做电热滑雪保暖服、可折叠电热毯理疗面料、高频电磁屏蔽服,针织与机织纬向嵌纱织造、织带机,支持家庭安全水洗（断电拔除电池后正常机洗），低温悬挂晾干,"远红外保健发热检测认证, CE 穿戴安全低压认证",1.65,22.0,3.6,400.0,2.0,0.2,65.0,,500.0,否,否,是,"高超团队石墨烯长丝, 杭州高烯科技",极端高导热热沉织物、柔性超级电容器电极核心丝、高灵敏智能生理信号传感纤维、抗辐射特种导线,实现百吨级多孔高强石墨烯导电导热纤维量产，热导率达1500 W/m·K，在下一代大功率柔性可穿戴热管理商业化落地
68,INORG_GLASS,高性能玻璃纤维系列,E-GLASS,无碱玻璃纤维 (E-玻纤),Alkali-free Glass Fiber (E-Glass),铝硼硅酸盐玻璃 (碱金属氧化物<0.8%),65997-17-3,第1代无机基础复合增强纤维,1930s,1938,Owens-Corning (欧文斯科宁) / 中国巨石,单元池窑拉丝法 (玻璃配合料1580℃高温熔融，铂铑合金多孔漏板高速下拉卷绕),产业用纺织品 (无机增强/电子玻纤/隔热防辐射),极其光滑的透明无机玻璃态正圆形 (直径 6-13 μm),无捻粗纱 (300 - 4800 Tex)；超细电子玻纤 (BC/D/E 级单丝 4-9 μm),"电子级玻璃纤维布 (7628 / 2116 / 1080 电子布), 无捻粗纱机织布",硬挺致密、无伸长、无机质感冰凉平滑，不能直接贴身穿戴(有刺痒感),透明无色或原白，通常表面涂覆硅烷偶联剂浸润剂与树脂复合,绝对不燃 (熔点>1200℃)，极高介电绝缘性，零吸水吸潮,抗拉强度高达 1.5-2.0 GPa，但纤维横向抗剪切差易折断,完全弹性，断裂伸长率 2.5%-3.0%,机织高密电子玻纤布浸渍环氧树脂制造印制电路板(PCB)覆铜板；玻纤多轴向布制备风力发电机叶片,特种喷气电子织机、宽幅多轴向经编机、环形缠绕机,工业复合后免维护，耐油耐潮耐真菌霉变,"RoHS 认证, UL94 V-0 不燃认证",2.58,13.5,3.4,76.0,4.5,0.0,100.0,1200.0,550.0,否,否,否,"Advantex, 中国巨石E6/E7/E8, 泰山玻纤, 重庆国际",风电叶片、覆铜板PCB基板增强布、汽车轻量化SMC/BMC模塑料、玻璃钢游艇、建筑防腐管道,中国产能占全球75%以上；高模低能耗无硼无氟配方（模量破90 GPa）成为大型化百米风电叶片标配
69,INORG_GLASS,高性能玻璃纤维系列,S-GLASS,高强高模玻璃纤维 (S-Glass / S-2 Glass),High-Strength Glass Fiber (S-Glass),无硼镁铝硅酸盐玻璃,65997-17-3,第2代特种军工级高强玻纤,1960s,1968,Owens-Corning (S-2 Glass) / 南京玻璃纤维研究设计院 (中材科技),超高温池窑/贵金属坩埚拉丝 (熔化温度>1650℃),产业用纺织品 (无机增强/电子玻纤/隔热防辐射),光滑致密高纯镁铝硅酸盐玻璃态正圆,单丝直径 7 - 9 μm (高强玻纤长丝束),"高强玻璃纤维平纹布, 环向缠绕纱",硬挺平滑、抗冲击韧性好、透明光洁,偶联剂表面处理原白使用,抗拉强度高达 4.5 GPa (比普通E玻纤高35%-40%)，耐温极限提高 200℃,极高抗冲击破坏吸收能,弹性模量 86 GPa，高强抗拉不变形,S玻纤机织布用于武装直升机防弹装甲座舱内衬、高压储氢气瓶环向缠绕增强层,高张力平纹剑杆机织、多轴向缠绕机,耐高温耐酸碱，免特殊清洗,军工高强材料鉴定,2.48,18.5,4.6,89.0,5.2,0.0,100.0,1450.0,750.0,否,否,是,"S-2 Glass, HS4/HS6 (中材科技南玻院)",武装直升机防弹装甲座舱板、大型火箭复合材料压力容器、步兵战车轻量化防破片衬层、高抗冲机翼天线罩,国内新一代模量达100 GPa超高强玻纤打破国际垄断，在深潜器耐压球壳与重型装备结构件广泛装配
70,INORG_GLASS,高性能玻璃纤维系列,QUARTZ-F,高纯石英纤维 (石英玻璃纤维),Quartz Fiber (High Purity Fused Silica Fiber),超纯熔融二氧化硅 (SiO2纯度>99.95%),60676-86-0,第3代极限耐高温低介电特种无机纤维,1950s,1960s,Saint-Gobain (圣戈班 Quartzel) / 菲利华 (Feilihua),天然高纯水晶棒经氢氧焰或等离子焰高温熔化拉丝,产业用纺织品 (无机增强/电子玻纤/隔热防辐射),高纯二氧化硅(纯度>99.95%)光滑圆柱体,单丝直径 5 - 9 μm (石英纤维长丝束),"石英纤维三维机织布, 航天透波缝线",纯白通透、平滑有骨感、工业丝绸质感,超纯透明白，不染色,耐温高达 1050℃，超低介电常数 (Dk仅3.74)，超高频电磁波全透波无反射损耗,抗高温气流冲刷，耐热震性极高(热膨胀系数仅0.54×10^-6/K),高温下弹性模量不降反升,石英布与特种氰酸酯树脂复合制造导弹雷达天线罩、神舟飞船返回舱防热大底绝热面料,高洁净度三维正交织机、多层斜纹织造,耐除氢氟酸和热磷酸外的一切强酸，耐受宇宙强辐照,国家航天防热透波材料认证,2.2,16.0,3.6,78.0,4.6,0.0,100.0,1700.0,1050.0,否,否,是,"Quartzel (圣戈班), 菲利华石英纤维","超高音速战机/导弹雷达透波天线罩(极低介电常数Dk=3.74, 损耗Df=0.0002)、航天飞机防热瓦隔热层、半导体石英织物",掌握超纯合成二氧化硅棒材气相沉积拉丝新工艺，纯度达99.999%且耐辐照无色心，全面装备国家重点航天型号
71,INORG_GLASS,高性能玻璃纤维系列,LOW-DK-G,低介电超薄玻璃纤维 (Low-Dk玻纤),Low Dielectric Glass Fiber (Low-Dk / Low-Df),低介电硼硅酸盐特种玻璃,65997-17-3,第4代高频高速通信电子特种纤维,2000s,2018,AGC (旭硝子) / 宏和科技 / 中国巨石,超精细单元窑多孔拉丝制备单丝直径4-5微米开纤电子纱,产业用纺织品 (无机增强/电子玻纤/隔热防辐射),超精密微细光滑正圆 (直径 4-7 μm),"超细旦电子布长丝 (1010, 1027, 1037 超薄布规格)",低介电超薄电子玻纤布 (厚度 10-30 μm),如轻纱般极其超薄平整、经纬密度极高、无缝隙微孔均匀,低介电偶联剂表面处理，原白应用,介电常数 Dk < 4.6 (10 GHz)，介电损耗 Df < 0.003，保证高频信号光速传输零延迟无串扰,表面平整度极高，无断头起毛，极利于激光微盲孔打孔,抗热胀冷缩CTE极低，匹配芯片硅基板膨胀率,浸渍低介电双马来酰亚胺/聚苯醚树脂用于 5G/6G 高速交换机与 AI GPU 算力卡载板 PCB,超声波无接触微张力高速喷气电子织机,电子洁净无尘室密闭包装,IPC-4412 电子级玻纤布国际标准认证,2.36,11.5,2.7,65.0,3.8,0.0,100.0,1250.0,600.0,否,否,是,"Low-Dk Glass, 巨石高频印制板基布",AI算力GPU服务器主板、5G-A/6G毫米波基站天线PCB板、自动驾驶毫米波雷达高频高速印制电路布,10 GHz下介电常数降至4.0以下且介质损耗角切正值<0.002，全面满足百Tbps吞吐算力集群极端低延迟信号传输
72,INORG_GLASS,高性能玻璃纤维系列,AR-GLASS,耐碱玻璃纤维 (AR-玻纤/抗裂水泥抗碱纤维),Alkali-Resistant Glass Fiber (AR-Glass),含高浓度氧化锆耐碱硅酸盐玻璃 (ZrO2含量>16.7%),65997-17-3,第2代建筑特种工程纤维,1960s,1971,BRE / Pilkington (皮尔金顿 Cem-FIL),铂金坩埚或耐高温特种池窑拉丝,产业用纺织品 (无机增强/电子玻纤/隔热防辐射),含16%-20%二氧化锆(ZrO2)抗碱玻璃圆柱截面,单丝直径 13 - 20 μm (粗旦抗裂短纤及网格布纱),"耐碱网格布 (AR Mesh), 抗裂水泥砂浆短切丝 (Length 6-12 mm)",硬挺粗硬、抗碱网孔开阔、抗拉扯坚固,表面涂覆耐碱丙烯酸乳液涂层 (通常为白、蓝、黄网格),抵御水泥水化产生的 pH>13 强碱性氢氧化钙长年累月腐蚀,抗水泥砂浆干缩开裂应力，抗地震冲击韧性,抗拉强力极高，提供建筑结构抗剪力,耐碱网格布用于外墙外保温抗裂砂浆层、GRC欧式建筑浮雕幕板加筋,经编绞织网格布织机、剑杆网格织机,建筑使用寿命长达50年以上，免维护,JC/T 841 建筑耐碱玻纤网格布行标认证,2.74,11.0,3.0,72.0,3.6,0.0,100.0,1250.0,600.0,否,否,否,"Cem-FIL, 泰山耐碱玻纤",玻璃纤维增强水泥外墙异形挂板(GRC幕墙)、公路桥梁防撞栏混凝土抗裂防渗筋、高耐久预制构件,高含量氧化锆钝化膜技术在强碱性(pH>13)水泥水化环境下耐受寿命超50年，GRC建筑立面艺术造型全球标准材料
73,INORG_MINERAL,天然玄武岩熔融矿物纤维,CBF,玄武岩连续纤维 (CBF/天然火山岩纤维),Continuous Basalt Fiber (CBF),天然均质辉绿玄武岩矿石熔融铝硅铁钙无机聚合物,65997-17-3,第3代天然无机绿色高性能纤维,1923,1985,前苏联乌克兰材料问题研究所 / 东南大学 / 四川航天拓鑫,天然火山玄武岩矿石破碎清洗后，经1450-1500℃纯熔融直接由铂铑合金漏板高速拉丝 (全过程无工业废水三废),产业用纺织品 (无机增强/电子玻纤/隔热防辐射),平滑致密均匀天然火山岩熔融圆形微晶 (直径 7-15 μm),"无捻粗纱 (300 - 2400 Tex), 短切纤维","玄武岩平纹斜纹机织布, 玄武岩阻燃防火毡, 编织套管",天然金褐色金属光泽、手感柔滑致密、柔韧度显著好于玻璃纤维、无刺痒,天然金褐色原色使用，100%火山岩矿物熔融直接拉丝零碳排,耐连续工作温度高达 700-800℃ (远胜玻纤的500℃)，耐超低温-260℃，零吸水吸湿,耐磨性、抗酸耐碱耐海水盐雾腐蚀全面超越玻璃纤维,弹性模量 90-110 GPa (接近芳纶)，高韧抗冲击,玄武岩机织布用于商场防火隔离卷帘门、海洋跨海大桥防腐土工格栅、汽车排气消音隔热套,宽幅剑杆重型织机、三维多轴向经编机,绿色纯天然矿物，废弃后回归自然岩石风化，全生命周期环保,"生态绿色建材认证, 消防A1级不燃认证",2.75,13.0,3.6,95.0,3.1,0.1,100.0,1450.0,650.0,否,否,是,"Kamenny Vek, 四川拓鑫玄武岩纤维, 江苏天龙",海洋重腐蚀跨海大桥无锈耐腐蚀筋材(替代传统钢筋)、防火消防逃生毯与防火幕帘、沥青道路抗车辙网格布、高铁吸音屏障,百孔至千孔大型多排漏板自动化均质拉丝技术彻底攻克，能耗大幅下降，中国产能位居全球榜首
74,INORG_CERAMIC,先进连续陶瓷纤维,SIC-F,连续碳化硅纤维 (SiC纤维 1代/2代/3代),Continuous Silicon Carbide Fiber (SiC Fiber),近化学计量比致密微晶碳化硅,409-21-2,第4代超高温战略热结构陶瓷纤维,1975,1980s,Seishi Yajima (矢岛圣使 / 日本东北大学) / 日本碳素 (Nippon Carbon) / 国防科大,聚碳硅烷(PCS)前驱体熔融纺丝，经不熔化空气/电子束辐照交联后，在惰性气氛经1200-1800℃高温热解烧结,产业用纺织品 (无机增强/电子玻纤/隔热防辐射),纳米近化学计量比碳化硅多晶致密圆形 (直径 8-14 μm),连续复丝束 (500芯 - 800芯),"连续陶瓷纤维复丝线, 三维编织预制体 (3D Preform)",深黑至深灰色、细如发丝但强韧抗折、耐受极端高温火舌舔舐,陶瓷原色不可染,在 1200-1400℃ 高温强氧化燃气冲刷下依然保持 2.5 GPa 以上抗拉强度，耐温之神,抗冲刷抗高速颗粒磨蚀,超高弹性模量 (300-400 GPa)，高温蠕变极小,SiC纤维三维编织与化学气相渗透(CVI)SiC基体复合制造先进航空发动机热端涡轮叶片与喷管调节片,特种三维正交立体织造机、五向仿生编织机,耐受数千小时航空发动机严苛高压热燃气冲刷,国家两机重大专项先进适航认证,3.1,10.0,3.0,400.0,0.8,0.0,100.0,2700.0,1400.0,否,否,是,"Nicalon (1代), Hi-Nicalon (2代), Hi-Nicalon Type S (3代), Tyranno, 湖南赛菲",新一代军民用航空涡轮发动机热端陶瓷基复合材料(CMC-SiC)导向叶片与转子、高超音速飞行器燃烧室喉道壁、核反应堆包壳管,第3代耐温超1450℃超低氧耐蠕变近化学计量比SiC长丝百吨级产线稳定交付，支撑我国国产先进航空发动机商用试车
75,INORG_CERAMIC,先进连续陶瓷纤维,AL2O3-F,连续氧化铝微晶纤维 (Nextel 610/720),Continuous Alumina Ceramic Fiber,超细纳米晶α-Al2O3 / 莫来石复合多晶陶瓷,1344-28-1,第4代超高温抗氧化陶瓷纤维,1970s,1990s,3M 公司 (Nextel 610 / 720) / 山东硅苑 / 浙江拓盛,溶胶-凝胶法 (Sol-Gel): 铝氧烷/铝盐水溶胶与微量助剂配置纺丝胶体，干法挤出纺丝并经1300℃受控快速烧结,产业用纺织品 (无机增强/电子玻纤/隔热防辐射),纳米微晶高纯氧化铝/莫来石致密圆柱体 (Nextel 610/720),单丝直径 10 - 12 μm (复丝束 400 - 1000 单丝),"高温陶瓷机织布 (Ceramic Cloth), 缝纫线",纯白象牙色、坚硬柔顺如粗纺丝、手感光洁,纯白陶瓷原色,抗拉强度 3.1 GPa，耐热温度 1200℃ 连续不降解，高温抗蠕变世界顶尖,耐受特高温气体冲刷，绝缘隔热,超高模量 380 GPa，高温尺寸微变,氧化铝布与高温密封胶复合制备航天飞机柔性隔热表面隔热毯、特高温工业窑炉软帘,多臂平纹重型陶瓷织机,耐一切氧化剂与腐蚀性工业废气冲刷,航空航天热障材料认证,3.9,8.0,3.1,380.0,0.8,0.0,100.0,2050.0,1200.0,否,否,是,"Nextel 610, Nextel 720 (3M)",航空发动机排气尾喷管高温隔热毯、特种高温陶瓷基刹车盘、空间碎片微流星体超高速撞击防护屏蔽网、金属基复合材料强化丝,彻底解决微晶晶粒在1200℃以上长时服役晶粒粗化痛点，实现金属基/氧化物陶瓷基复合材料关键强化件量产
76,INORG_CERAMIC,先进连续陶瓷纤维,SI3N4-F,连续氮化硅纤维 (Si3N4纤维),Continuous Silicon Nitride Fiber,多晶氮化硅结构陶瓷长丝,12033-89-5,第4代超高温耐磨特种陶瓷纤维,1980s,2000s,Dow Corning / 日本东燃 (Tonen) / 中科院化学所,聚硅氮烷(Polysilazane)前驱体聚合熔融纺丝，氨气气氛下脱碳交联高温热解,产业用纺织品 (无机增强/电子玻纤/隔热防辐射),高纯非晶/微晶氮化硅实心光滑圆形,单丝直径 8 - 12 μm,高频透波陶瓷三维编织布,灰白细腻、耐磨抗冲击、手感硬朗,原色应用,高温高频下介电常数极其恒定 (Dk<5.5)，耐温 1300℃，强抗热震抗粒子侵蚀,抗高超音速剧烈气动冲刷与微陨石撞击,高强韧高模量,氮化硅连续纤维三维机织制造高超音速飞行器雷达头锥天线罩,复杂曲面立体仿形编织机,耐高低温极限骤变冲击,国防重大科技尖端认证,2.5,10.5,2.6,250.0,1.0,0.0,100.0,1900.0,1300.0,否,否,是,"Tonen Si3N4, 聚硅氮烷基氮化硅纤维",超高超音速导弹天线罩耐冲刷透波复合材料、耐熔融金属浸润坩埚内衬、耐磨高温轴承增强件,具有优于SiC的微波透波率与极佳抗熔融铝液铁水腐蚀性，在电磁窗口与特种冶金中实现列装应用
77,INORG_CERAMIC,先进连续陶瓷纤维,BORON-F,连续硼纤维 (Boron Fiber),Continuous Boron Fiber,微晶元素硼在钨丝/碳丝基底上气相沉积包覆物,14798-12-0,第2代超高刚度结构增强纤维,1959,1966,Claude Talley (Texaco / 特士古) / Specialty Materials Inc,化学气相沉积法 (CVD): 以12微米极细钨丝或碳丝为芯材通电红热(1200℃)，三氯化硼与氢气在反应室还原沉积硼,产业用纺织品 (无机增强/电子玻纤/隔热防辐射),以微细钨丝或碳丝为芯的化学气相沉积(CVD)粗单丝 (直径 100-140 μm),粗单丝 (直径 0.1-0.14 mm 粗单丝),单向硼预浸带 (Boron Prepreg Tape),深黑金属色粗单丝、极其刚硬、弹性回弹极高、抗弯曲刚度极高,金属黑原色应用,抗压强度高达 6.0 GPa (所有人造纤维中抗压强度绝对第一，为碳纤维的3倍！),极端耐磨损抗划伤,抗弯曲刚度为钢丝的 2 倍，抗屈曲失稳变形,硼纤维单向预浸带用于 F-15/B-1B 战机水平尾翼大梁抗弯抗压加强肋、特级钓竿骨架,单向自动排线铺带机 (无法经受过小曲率机织),复合为机翼部件后免维护,先进战机主承力构件认证,2.55,14.0,3.6,400.0,0.9,0.0,100.0,2070.0,500.0,否,否,是,"Specialty Materials Boron, Textron Boron",F-15/F-14战机水平平尾主承力结构、B-1轰炸机机翼后梁、核反应堆中子吸收屏蔽网、顶级钓竿中段加劲丝,凭借超粗单丝直径带来的超强抗压缩与轴向承载力，在战斗机受损机体碳/硼复合补片微创原位修复中持续独占关键地位
78,INORG_METAL,微细金属与智能液态金属纤维,SS-F,不锈钢超细微丝纤维 (金属纤维),Stainless Steel Microfiber (Metal Fiber),奥氏体316L微合金不锈钢,65997-19-5,第2代特种多功能导电纤维,1960s,1970s,Bekaert (比利时贝卡尔特 Bekinox) / 西部材料,集束拉拔法 (Bundle Drawing): 上千根不锈钢丝包覆于软钢基体中多道次冷拉拔减径至1-8微米后酸洗溶去基体,产业用纺织品 (无机增强/电子玻纤/隔热防辐射),超细 316L 医用级不锈钢多边形微丝 (直径 2-8 μm),金属微丝束 (单丝比重 7.9 g/cm³，细如蚕丝可纺纱),"纯金属导电纱 (100% SS Yarn), 不锈钢与棉涤混纺导电纱 (混纺比 2%-20%)",柔软顺滑如普通丝线、毫无刺手金属硬感、金属哑光灰、透气舒爽,通常与棉或聚酯混纺，通过外层纤维染上各种丰富颜色,屏蔽 10 MHz - 10 GHz 高频电磁辐射 (屏蔽效能达 60-80 dB)，消除静电火花,金属微丝抗折抗磨，与织物一同耐受数万次屈折洗涤,良好回弹贴身，可正常机织针织,不锈钢微丝 20% + 精梳棉 80% (高档孕妇防辐射服、触摸屏手套指尖纱、汽车加热座椅导电线),普通棉纺环锭细纱机并条混纺、大圆机针织、多臂机织,常温中性洗涤剂轻柔机洗，不可强力拧绞，阴凉悬挂自然风干,"GB/T 30126 防电磁辐射织物认证, OEKO-TEX 100",7.9,1.5,1.2,200.0,2.0,0.0,100.0,1400.0,600.0,否,否,是,"Bekinox (贝卡尔特), Bekaert Beki-sheld, 西部材料金属纤维",军工防电磁辐射服织物、触摸屏手套导电指尖指头纱、汽车挡风玻璃热弯耐高温缓冲织物、防静电洁净室工装,单丝直径突破1微米极限并能与棉、涤纶等任意混纺成高支纱线，成为智能穿戴柔性电极不可磨损的高可靠金属导体
79,INORG_METAL,微细金属与智能液态金属纤维,LM-F,镓铟液态合金柔性同轴拉伸纤维 (液态金属纤维),Liquid Metal Coaxial Stretchable Fiber (EGaIn Fiber),共晶镓铟合金核/弹性硅胶-聚氨酯壳层,,第4代室温流态高导电智能纤维,2010s,2022,Dickey (北卡州立大学) / 刘静 (清华大学/理化所),同轴微流控共挤出纺丝 (外层聚合弹性体原位光固化，内芯连续注入室温液态金属),产业用纺织品 (无机增强/电子玻纤/隔热防辐射),同轴超柔弹性硅胶空心管包裹镓铟液态合金 (EGaIn) 流体金属芯,外径 0.2 - 0.8 mm 柔性伸缩单丝,"超弹性导电传感单丝, 智能穿戴数据线",硅胶般软弹亲肤、可任意大倍率拉伸打结、触感冰凉柔韧,外层弹性保护套着色，内部液态金属永恒导电,在拉伸 300%-500% 极限形变下导电通路绝不断裂，电阻随拉伸线性变化(高灵敏度应变传感),耐折叠反复拉伸数万次无金属疲劳脆断痛点,高弹性瞬间回弹，完美追随人体关节大动作活动,液态金属纤维嵌入针织运动衣用于实时关节运动捕获、电子皮肤触觉手套,电脑刺绣嵌线、无缝横机衬纬编织,两端封装密封后支持标准水洗机洗，耐汗渍防渗漏,无毒低熔点液态金属生物安全性检验认证,2.1,0.8,0.08,0.02,700.0,0.0,28.0,15.5,120.0,否,否,是,"LiquidConduct, EGaIn Fiber",大幅拉伸变形下电阻近乎零变化的超弹柔性天线、可水洗智能织物心电ECG传感导线、软体机器人人工肌肉驱动线,解决严苛剪切破裂下自愈合封装难题，在万次700%超大拉伸循环下电阻变化率小于5%，进入智能运动医疗量产
80,EMG_BIOENG,合成生物工程与仿生结构蛋白纤维,SPIDER-F,重组基因工程蜘蛛丝纤维 (人造蜘蛛丝),Recombinant Spider Silk Protein Fiber,基因工程大肠杆菌/酵母重组大壶状腺蛛丝蛋白 (MaSp1/MaSp2),,第4代合成生物学革命性仿生纤维,1990s,2019,Spiber (日本) / AMSilk (德国) / 聚维元创 / 态创生物,发酵工程菌超高密度发酵合成重组蛛丝蛋白，微流控模拟蜘蛛纺丝管进行水相剪切拉伸结晶成纤,服装用纺织品 / 智能穿戴纺织品,微纳米结晶原纤仿生致密结构 (重组大肠杆菌/酵母基因工程重组蛛丝),1.0 - 2.0 dtex (轻奢高韧长丝),"连续重组蛛丝长丝束, 极细高支针织纱",蚕丝般的柔糯滑润与超高断裂韧性的不可思议结合、高贵柔和光泽、第二层皮肤触感,酸性染料或活性染料在温和微酸中温易染，得色饱满纯净,公定回潮率 10.5%，断裂强度接近芳纶，断裂伸长率达 30%，断裂韧性吸收功世界有机纤维之最,极高抗拉扯抗撕裂强力，表面滑爽抗起球 4 级,极高阻尼回弹性与抗冲击能量耗散能力,重组蛛丝 + 顶级羊绒 (打造既极致软糯轻盈又抗磨损抗撕裂的终极高定大衣),高密圆机针织、高档真丝剑杆机织、免拆线医用韧带编织,高档成衣建议温和中性洗涤剂手洗或干洗，平铺晾干,"100% 生物合成零石油基认证, 天然全生物降解, OEKO-TEX 100",1.32,8.5,1.15,15.0,35.0,10.0,24.0,,150.0,是,是,是,"Brewed Protein (Spiber), Biosteel (AMSilk), QMONOS",奢华户外极地探索冲锋衣(Moon Parka)、可吸收无异物感神经外科精密缝线、环保超韧防震汽车保险杠复合增强织物,百吨级工业化生物合成发酵工厂满产，成本由每公斤上万美元大幅降至百美元区间，全生物相容完全降解
81,EMG_AERO,仿生纳微多孔气凝胶超绝热纤维,AERO-F,仿北极熊毛纳微多孔气凝胶超保暖纤维,Biomimetic Aerogel Textile Fiber,仿北极熊毛芯-壳结构微孔二氧化硅-高分子纳米气凝胶复合长丝,,第4代极端热防护仿生织物纤维,2018,2023,柏浩 (浙江大学化工学院团队原创发明),定向冻结冷冻纺丝结合超临界CO2干燥，并在外层原位共挤包覆坚韧透明聚酯/聚氨酯保护鞘层,服装用纺织品 / 智能穿戴纺织品,仿北极熊毛中空且壳层密布纳米气凝胶微孔 (壳层气凝胶微孔率>90%),1.5 - 3.0 dtex (超轻量气凝胶保暖短纤/长丝),"超绝热梳理保暖絮片, 气凝胶轻量针织纱",轻盈如云朵、触手极度温热、蓬松软绵、无任何传统羽绒的异味与钻绒烦恼,可原液着色或分散染料中温染色，微孔内固定纳米颗粒不易脱色,导热系数低至 0.018-0.022 W/(m·K) (比静止空气的0.026还低！)，一件薄如单衣即可抵御-40℃极寒,表面涂覆纳米聚合物保护外壳，耐反复水洗洗涤不粉化、不掉粉,压缩后瞬间蓬松回弹恢复率>95%,气凝胶超保暖纤维 60% + 美利奴羊毛 40% (超轻薄极寒户外冲锋衣内胆、宇航级防寒被),高蓬松无胶热风成网、圆机双面针织空气层,支持洗衣机轻柔水洗脱水（水洗100次绝热性能不衰减），平摊速干,"中国纺织科技一等奖成果, 超绝热保温国家标杆认证, OEKO-TEX 100",0.25,3.8,0.1,1.2,16.0,1.5,32.0,220.0,160.0,否,否,是,"PolarAerogel, 仿生极地绒",零下40℃极地超薄羽绒替代保暖服、航天员出舱服保暖层、冷链物流超薄隔热垫、红外热隐身伪装迷彩服,完全解决传统气凝胶易脆碎掉粉难题，仅数毫米厚度即可达到传统厚重羽绒服同等保暖效果，耐洗涤超50次
82,EMG_2D,二维晶体材料复合功能纤维,MXENE-F,MXene二维过渡金属碳化物智能导电纤维,MXene Multifunctional Smart Fiber,二维碳化钛 (Ti3C2Tx) 纳米多层叠合长丝,12363-89-2,第4代超高电导率二维晶体纳米纤维,2011,2022,Yury Gogotsi / 德雷塞尔大学 / 北京化工大学 / 复旦大学,无表面活性剂大单片无缺陷Ti3C2Tx液晶相水溶液直接湿法挤出微流控纺丝,服装用纺织品 / 智能穿戴纺织品,二维过渡金属碳化物纳米片层同轴紧密定向堆叠微波纹截面,超细连续导电长丝 (10D - 50D),"超柔高导电长丝, 智能电磁屏蔽嵌纱",金属墨黑色、平滑细腻、质地柔韧可打结弯折、无金属刺硬感,原色石墨墨黑，表面微亲水,电导率高达 10^4 - 10^5 S/cm，超宽频段电磁屏蔽效率达 70-90 dB，阻隔雷达红外侦测,外包薄层聚氨酯保护，抗日常摩擦刮擦,柔韧随身弯折贴体,MXene长丝与锦纶交织做隐身特种战术作战服、柔性超级电容器织物储能电极,高精经编嵌纬机、微细圆机编织,常温中性轻柔手洗，阴凉处干燥，耐汗液腐蚀,先进二维智能材料前沿鉴定,3.2,4.5,0.65,55.0,3.0,0.5,35.0,,200.0,否,否,是,"MXeneFil, 钛碳烯纤维",超薄轻量化宽频电磁屏蔽织物(屏蔽效能>80 dB)、高灵敏呼气微湿度探测纤维、极端快速电热变温服、超级电容器储能电极,通过化学配位与表面聚合物分子级抗氧化包覆，彻底攻克水氧环境下易氧化降解难题，电导率稳定在1.2×10^6 S/m
83,EMG_ENERGY,纤维状储能、发电与光电探测器件,FIBER-LIB,全柔性纤维状锂离子储能电池,Fiber-shaped Lithium-ion Battery (Fiber-LIB),同轴准固态正负极活性材料与凝胶电解质同轴连续纤维,,第4代穿戴式本体储能革命性器件,2014,2023,彭慧胜 (复旦大学高分子科学系院士团队原创发明),连续多层流挤出包覆同轴纺丝工艺，原位紫外光固化高离子电导率凝胶聚合物电解质,服装用纺织品 / 智能穿戴纺织品,同轴多层环形电芯结构 (中心集流体+正极+凝胶电解质隔膜+负极+气密柔性保护套),同轴微缆单丝 (外径 0.5 - 1.2 mm),可机织柔性储能纱线 (Weavable Fiber Battery),如粗棉绳般柔软可任意大角度弯曲打结、全密封无漏液、手感安全干爽,外层高聚物耐磨密封绝缘套提供标准颜色，内嵌储能,能量密度突破 100 Wh/kg，耐受重锤敲击、针刺与剪切不短路不起火不爆炸,耐受万次反复拉伸弯折后容量保持率>90%,柔韧弯曲自如，织入衣服无异物硬物顶撞感,纤维锂电池直接作为纬纱机织嵌入智能夹克中，为加热组件与心电传感器持续供电,特种剑杆机纬向嵌织、服装内衬局部编织,通过国际商用洗衣机标准清洗测试（洗涤剂中机洗浸泡 2 小时完全防水绝缘）,"UN 38.3 锂电池航空运输安全认证, IEC 62133 穿戴电气安全认证",1.85,1.2,0.15,2.5,15.0,0.0,30.0,,80.0,否,否,是,"FiberBatt, 彭慧胜团队纤维电池",织物级隐形储能电源(一件普通编织发热衣可连续为手机无线充电4小时)、消防智能搜救服中枢能源、植入微型医疗设备供电,实现百米级全自动连续编织与工业织机无损走纱，能量密度突破100 Wh/kg，经受万次弯折与强力水洗容量保持率>90%
84,EMG_ENERGY,纤维状储能、发电与光电探测器件,TENG-F,织物摩擦纳米发电机纤维 (TENG人体动能捕获纤维),Triboelectric Nanogenerator Fiber,微结构全氟乙丙烯/硅橡胶/银导电微核共挤弹性纤维,,第4代环境自驱动能源纤维,2012,2022,王中林 (佐治亚理工 / 中科院纳米能源所),微纳复合成型与同轴熔融纺丝，表面激光微纳阵列织构化处理增大接触带电面积,服装用纺织品 / 智能穿戴纺织品,同轴摩擦电皮芯结构 (高负摩擦极性硅橡胶外皮 + 导电液态金属/碳管芯线),外径 0.3 - 0.8 mm 柔性同轴单丝,"人体机械能捕获纱线, 智能自发电传感织物",柔软滑爽如普通弹力线、贴身自如回弹、无异物感,原液多色弹性套管，无需额外水染,走步运动摩擦时输出瞬时峰值电压 50-200 V、微安级电流，直接驱动微型计步器与LED发光,摩擦起电层耐摩擦循环上百万次电荷输出不衰减,急弹性恢复率>95%，贴合人体关节剧烈屈伸,TENG纤维与棉混纺织造自发电智能运动袜、跌倒自动无线报警地毯,双针床大圆机交织、经编弹性网状织造,完全防水抗汗液，日常正常机洗洗涤，阴干即恢复强劲发电效能,绿色自供电能源前沿认证,1.35,2.2,0.25,1.5,40.0,0.1,32.0,190.0,110.0,否,否,是,"NanoTENG Fiber, 纳米能源所自驱动织物",自供电运动鞋垫与步态监测衣、落雨水滴能量收集伞面、无需外接电池的永久免充电无线SOS定位发报夹克,瞬时输出功率密度达到50 W/m²，日常行走摆臂产生的电能可直接点亮数百颗LED并持续驱动蓝牙数据传输芯片
85,EMG_SMART,智能响应与自适应调温变色纤维,PCM-F,微胶囊相变智能调温纤维 (Outlast双向恒温纤维),Phase Change Material Fiber (PCM Fiber),包覆高级烷烃微胶囊共混聚酯或腈纶,,第3代自适应智能恒温舒适纤维,1980s,1997,NASA 宇航服宇航温控研究 / Outlast Technologies,湿法或熔融纺丝 (将高焓值相变石蜡微胶囊高度分散均匀注入高聚物基体中),服装用纺织品 / 智能穿戴纺织品,圆形/皮芯多微孔，内部包裹亚微米级微胶囊正烷烃相变相吸热蓄能材料,1.5 - 3.3 dtex (短纤及长丝 Outlast 型),"相变调温纯纺短纤纱 (32S-50S), 恒温针织低弹丝",手感温和丰满、微凉与微温自适应双向调控、贴肤舒适不燥热,中温温和分散或活性染色，保护内部微胶囊膜壁不破裂,当体温上升时微胶囊相变吸热储存多余热量；当体温下降时相变放热回馈体表，在28-32℃形成恒温微气候,抗起球 3-4 级；微胶囊耐机械搅拌与洗涤挤压循环,抗皱平整，保形性优良,相变调温纤维 50% + 精梳棉 50% (高端四季恒温空调被、高档商务四季恒温西服、航天员睡袋),高支高密大圆机单双面布、喷气机织高密防钻绒面料,常规机洗 40℃，不可剧烈氯漂与强酸强碱洗，中温熨烫,"NASA Certified Space Technology (太空认证技术), OEKO-TEX Standard 100",1.25,3.0,0.36,4.5,28.0,1.2,21.0,220.0,120.0,否,否,否,"Outlast (奥特莱斯), 恒温天丝, 溢达PCM微胶囊纤维",宇航员宇航服手套内衬、高级四季恒温羽绒被、高热负荷电竞椅垫、户外骤冷骤热运动冲锋衣中层,纳米无缝二氧化硅壁材微胶囊实现耐受普通机洗100次无渗漏，相变潜热焓值突破80 J/g，实现人体体表微气候±2℃动态自稳定
86,EMG_SMART,智能响应与自适应调温变色纤维,SMP-F,温敏与力敏形状记忆聚合物自适应透气纤维,Shape Memory Polymer Adaptive Fiber,热致/湿致形状记忆嵌段共聚聚氨酯,,第4代仿生动态呼吸智能纤维,1990s,2015,Mitsubishi Heavy Industries (三菱重工 DiAPLEX) / 香港理工大学,干湿法微孔纺丝，精确调控聚合物微相分离可逆相转变温度(Tg/Tm设定在体温34-37℃),服装用纺织品 / 智能穿戴纺织品,温敏形状记忆嵌段聚氨酯微多孔异形截面,2.0 - 5.0 dtex,"智能透湿自适应长丝, 记忆透气涂层面料",平滑柔顺、遇温湿度变化自发发生分子链相转变、手感随体感动态调节,分散染料中温染色,当人体出汗发热(体温>33℃)时大分子链微孔自发扩大20倍加速排汗；体温降回常温微孔自动闭合防风保暖,耐磨耐洗，形状记忆可逆循环上万次,形状记忆效应，折叠压皱后体温烘烤瞬间平整如新,形状记忆纤维机织制备全天候智能“呼吸”冲锋衣、免烫永久平整智能衬衫,高密喷气机织造、圆机双面针织,正常机洗，温风吹拂或穿着即自然免熨烫恢复平挺,"智能自适应纺织品前沿认证, OEKO-TEX 100",1.19,2.8,0.32,1.8,200.0,2.0,22.0,180.0,110.0,否,否,否,"DiAPLEX (透湿记忆薄膜与纤维), MemoryTex",出汗发热时微孔自动扩张‘呼气’排热、降温静止时微孔自动收缩‘吸气’保暖的智能变孔隙运动织物、防烫伤自膨胀防护服,响应时间缩短至秒级，可逆孔隙开合率提升至40%，成为高端滑雪服与特种极限战备服自适应环境调控核心黑科技
87,EMG_SMART,智能响应与自适应调温变色纤维,FIBER-DISP,大面积全柔性纤维电致发光与显示器件,Electro-luminescent Display & Light-Emitting Fiber,同轴发光层(发光高分子/钙钛矿)/透明导电聚合物电极织物纤维,,第4代信息交互概念级发光显示纤维,2015,2024,彭慧胜 (复旦大学团队发光织物) / 韩国科学技术院 (KAIST),同轴复合溶液精密涂覆与微流控挤出，形成经纬交织发光微像素点阵,服装用纺织品 / 智能穿戴纺织品,同轴电致发光微缆 (中心导电芯 + 交流电致发光ZnS发光层 + 透明导电聚合物外层套),外径 0.15 - 0.5 mm 柔性发光微丝,"全柔性发光长丝, 织物显示经纬纱",柔软如尼龙长丝、可任意打结、发光均匀柔和、无炫光发烫,发光色谱涵盖红、绿、蓝、冰蓝、纯白，无需染整,冷光源发光，表面温升<0.5℃，发光时织物依然保持正常透气透湿,耐反复揉搓与弯折，防水绝缘安全,柔性追随织物悬垂,与棉涤纱线在大圆机或数控织机中交织，制备大面积全柔性可折叠发光显示服装、夜跑安全警示服,电脑提花经纬机织、数控圆机针织发光面料,两端封装后支持标准水洗机洗（洗涤50次发光亮度保持>80%）,"国际低压人体安全电气认证, CE, FCC",1.45,2.0,0.26,3.0,20.0,0.0,24.0,200.0,90.0,否,否,是,"LumiTextile, DisplayFiber",衣服表面全彩动态地图导航显示、聋哑人士手势手套触控发光转文字衣、夜间交警及施工人员全自发光安全警示服,发光亮度突破1000 cd/m²，功耗小于瓦特级，耐折叠耐水洗达30次，实现衣物与智能手机蓝牙连接直接推送显示即时通知
88,REG_CELL,再生纤维素纤维,BAMBOO,竹浆纤维 (竹粘胶纤维/竹素纤维),Bamboo Pulp Viscose Fiber,竹子纤维素经黄原酸酯法再生聚合物,68442-85-3,第2代特色天然生物质人造纤维,1990s,2002,吉林化纤 (天竹纤维),湿法纺丝 (竹材粉碎蒸煮制浆、黄化溶解后湿法成形),服装用纺织品 / 家用纺织品,椭圆形截面布满大小不一的微孔缝隙 (天然呼吸微气孔),1.5 - 2.0 dtex (竹原短纤/竹浆短纤),"竹纤维纯纺与混纺纱 (32S-60S), 提花毛巾长丝",滑爽如丝、触感清凉细腻、悬垂优美、天然竹琨抑菌清香,活性染料常温中温染色，得色鲜亮纯正，吸色均匀快干,公定回潮率 13.0%，微孔毛细横截面使其吸水排汗速度为棉的3倍，夏日吸汗极度清爽,抗起球 3-4 级；洗后柔软不板结,悬垂平顺，天然抗皱微回弹,竹浆纤维 60% + 精梳棉 40% (夏日爆款高吸水抑菌毛巾与凉感短袖T恤),单双面大圆机针织、剑杆提花毛巾机织造、凉感席面料,常规家庭机洗，避免与尖锐金属拉链混洗防勾丝，中温熨烫,"OEKO-TEX Standard 100, FSC 竹林可持续环保认证",1.5,2.3,0.34,5.8,21.0,13.5,19.5,,120.0,是,是,否,Tanboocel (天竹 / 吉林化纤),天然抑菌毛巾、亲肤凉爽夏季凉席面料、竹纤维袜子内衣、卫生擦拭无纺布,绿色循环闭环清洁制浆技术全面升级，天然多孔横截面赋予其优异的透气排湿与抑菌防臭特性
89,SYN_PET,聚酯系纤维,LMPET,低熔点聚酯复合纤维 (LMPET热熔粘结纤维),Low-Melting Polyester Fiber (LMPET),PET芯层 / 间苯二甲酸/己二酸改性共聚酯外皮层,25038-59-9,第2代环保功能热熔粘合纤维,1980s,1990s,Huvis (韩国汇维仕) / 远东新世纪 / 恒逸石化,双组分皮芯复合熔融纺丝 (皮层熔点精确控制在110-160℃，芯层PET熔点255℃),服装用纺织品 / 家用纺织品,同轴皮芯复合 (皮层110-160℃低熔点聚酯，芯层250℃常规聚酯),2.0 - 6.0 dtex (热风粘合短纤),热风粘合保暖短纤维 (Staple for thermal bonding),成型后具有三维多孔弹性立体结构，手感蓬松有弹性、替代化学海绵,大多直接以本白原色使用于无纺内层，无需后道印染,开放式微孔透气结构，透气排湿，不易吸湿发霉,皮层熔融粘结点稳固，抗压缩永久变形率<5%,三维多向弹性支撑，受压后瞬间回弹,LMPET短纤 20%-30% + 常规中空涤纶 70%-80% (生产无胶热风棉、汽车顶棚模压毡),梳理成网 + 热风烘箱连续穿透热粘合生产线,支持水洗，透水速干，耐霉变,"零甲醛环保认证, OEKO-TEX Standard 100 Class I",1.36,3.6,0.49,9.0,35.0,0.4,20.5,110.0,100.0,否,否,否,"Huvis LMF, 远东新世纪LMPET",替代传统有毒胶水制作床垫热风棉、汽车内饰顶棚隔音棉、无胶热轧水刺无纺布、环保过滤棉,彻底取缔脲醛树脂化学粘合剂，成为万亿级家居软装与汽车NVH降噪隔热棉绿色升级第一大材料
90,SYN_PO,聚烯烃系纤维,ES-F,双组分聚烯烃复合纤维 (ES纤维 / 热风粘合纤维),Bicomponent Polyolefin Composite Fiber (ES Fiber),PE外皮 / PP或PET内芯双组分复合聚合物,,第2代高蓬松亲水复合纤维,1970s,1980s,Chisso (日本捷索 / JNC) / 广州纤维,复合熔融纺丝 (双组分同轴挤出复合，受热时PE皮层软化粘接而PP芯层保持挺括),家用纺织品 / 产业用纺织品,皮芯型 (PE外皮/PP芯) 或并列型复合微观截面,1.5 - 3.0 dtex × 38mm (热风非织造短纤),"热风粘合无纺布纤网 (Hot-air Through Nonwoven, 18-35 g/m²)",婴儿级超柔如棉花、亲肤无感、蓬松回弹、无任何胶水硬块,医卫本白无荧光，无需染色,立体微孔三维网状导流，瞬时下渗排尿，表面反渗量<0.1g，保持体表干爽,热粘合点牢固，干擦湿擦不掉毛不脱絮,抗挤压蓬松恢复率好，尿湿后不坍塌,ES短纤通过热风穿透粘结形成高端纸尿裤亲肤面层与导流层,高速梳理热风穿透无纺布生产线,一次性婴儿母婴卫生防护用品,"皮肤致敏性0级, 细胞毒性阴性, OEKO-TEX 100 I类",0.93,3.0,0.28,3.0,50.0,0.1,18.0,130.0,90.0,否,否,否,"ES Fiber (JNC), 恒天江南高纤ES",婴儿高端极软纸尿裤面层热风无纺布、女性卫生巾亲肤表层、高透气KN95口罩支撑层,超细旦(0.8-1.2 dtex)高蓬松弱酸性表层改性ES纤维全面普及，触感如蚕丝般丝滑亲肤
91,SYN_PA,脂肪族与半芳香族聚酰胺纤维,PPA-F,半芳香族高温聚酰胺纤维 (PPA / PA9T / PA10T纤维),Polyphthalamide High-Temperature Fiber (PPA / PA9T),"对苯二甲酸与1,9-壬二胺/1,10-癸二胺半芳香族聚酰胺",165848-52-8,第3代耐回流焊高温特种尼龙,1980s,1998,Kuraray (日本可乐丽 Genestar) / 金发科技,高温熔融纺丝与高倍热牵伸 (熔体温度达320℃),服装用纺织品 / 家用纺织品,圆形实心，耐热芳杂环微结构,3.0 - 10.0 dtex (耐热工业长丝),"耐热工业复丝, 编织套管纱",坚硬耐磨、抗弯折，工业防护手感,原液黑丝或天然琥珀色，无需后染,熔点 >310℃，耐受焊接飞溅与引擎高温,极佳耐磨损与耐化学试剂腐蚀能力,高模量抗拉延，抗蠕变,PPA 长丝机织制备新能源汽车高压线束阻燃耐磨编织保护套管,圆型多头编织机套管织造、平纹工业滤布,耐汽油、耐冷却液，耐工业高温清洗,UL94 V-0 阻燃认证,1.17,7.5,0.88,6.8,18.0,0.9,26.0,306.0,170.0,是,否,是,"Genestar (可乐丽 PA9T), Vicnyl (金发科技 PA10T)",SMT无铅回流焊耐热电子元器件包装织物、高耐温汽车燃油蒸汽管路增强套管、高温酸碱工业过滤布,生物基癸二胺合成PA10T纤维全面产业化，耐水解与耐热蠕变性能在汽车动力总成管路实现关键替代
92,SYN_PA,脂肪族与半芳香族聚酰胺纤维,PA1010,聚酰胺1010纤维 (锦纶1010/全生物基长碳链尼龙),Polyamide 1010 Fiber (Nylon 1010),聚癸二酰癸二胺 (100%全蓖麻油来源),28774-87-0,第2代中国独创全生物基长碳链尼龙,1958,1960s,中科院化学所 / 上海赛科 / 山东东宝,熔体纺丝 (蓖麻油深加工制备癸二胺与癸二酸缩聚物),服装用纺织品 / 家用纺织品,平滑圆形实心,2.0 - 8.0 dtex (长丝与工业单丝),"精密工业单丝, 户外机织长丝",表面润滑、摩擦系数低、柔韧有骨力,酸性染料染色，吸水少固色稳定,回潮率 1.5%，在潮湿环境中尺寸几乎零膨胀,耐磨性优越，耐磨蚀耐盐雾,高屈折回弹性，用作刷毛弯折后瞬间挺直,PA1010 用于特种户外冲锋帐篷地席、高端抑菌牙刷丝,单丝精密丝网机织造、工业网眼布,常规水洗机洗，耐化学霉变,100% 全生物基认证 (蓖麻油裂解癸二酸与癸二胺合成),1.05,4.5,0.47,2.8,36.0,1.5,21.5,205.0,115.0,是,否,否,"Rilsan D, 东宝锦纶1010",海洋抗附着耐盐雾特种绳缆、高级工业毛刷丝、精密光纤被覆层、汽车刹车气动管路强化网,具有100%生物基碳含量认证，耐高低温冲击与耐油耐溶剂性优异，出口欧洲高端机械管路与轻量化绳缆
93,BIO_FDCA,新型生物基呋喃与芳杂聚酯纤维,PPC-F,聚碳酸亚丙酯纤维 (PPC/二氧化碳共聚纤维),Polypropylene Carbonate Fiber (CO2-derived PPC),二氧化碳与环氧丙烷无规交替共聚物,25511-85-7,第4代碳中和负碳固碳新型纤维,1969,2021,Shohei Inoue (井上祥平) / 中科院长春应化所 (王献红团队),熔融纺丝或湿纺 (高活性双金属催化二氧化碳固定缩聚),服装用纺织品 / 产业用纺织品,细旦圆形复丝,1.5 - 3.0 dtex,"低熔点固碳复合短纤, 降解非织造布",柔软滑爽、手感温润亲肤,低温分散染料可染,透气防潮，全生物可降解，每吨纤维固碳 400 kg 以上,柔和不易刮擦皮肤,适度回弹,PPC + 纤维素水刺用于一次性绿色降解卫生巾面层与环保包装,熔体纺丝成网、水刺复合,温和洗涤，单次使用或短期循环后堆肥降解,"碳减排固碳认证, 生物可降解认证",1.3,2.8,0.36,2.2,60.0,0.8,22.0,115.0,80.0,否,是,否,"PPC Fiber, 中科院负碳纤维",负碳环保可堆肥包装布、农用可控降解防尘网、医用一次性敷料无纺布,纤维中固定工业捕集废气CO2质量占比超40%，高热稳定性嵌段改性技术打通工业级高速熔纺瓶颈
94,REG_CELL,再生纤维素纤维,CNF-MACRO,微纳原纤化纳米纤维素宏观连续纤维 (CNF长丝),Cellulose Nanofiber Macrofilament (CNF Fiber),纯植物源一维纤维素纳米原纤高度定向聚集体,9004-34-6,第4代全天然超高强纳米组装长丝,2010s,2023,KTH 皇家理工学院 (Söderberg团队) / 华南理工 / 中科大,流体动力学微流控对准剪切自组装湿法纺丝 (无需任何衍生化化学试剂，纯物理纳米微纤对齐),服装用纺织品 / 家用纺织品,超高取向致密平行排列纳米纤维素宏观长丝,1.0 - 5.0 dtex (宏观微纤长丝),"连续纳米长丝束, 医用高强加筋捻线",硬挺致密、金属般断裂强力与植物般的轻盈自重,原色象牙白，高密结晶难染，直接用于高力学功能场景,零热膨胀系数，高断裂抗张强力，透气防潮,抗切割抗刮擦能力极强，湿态高韧性,杨氏模量极高 (>30 GPa)，低伸长高抗蠕变,CNF连续长丝 + PLA/丝素蛋白 (全生物可吸收体内人工韧带/骨板),高张力经编网织机、三维立体仿生骨架编织,耐生理盐水清洗，耐湿热高压蒸汽灭菌 (121℃),"100% 天然植物微纳米生物基认证, 组织工程安全认证",1.52,12.0,1.6,45.0,7.5,8.5,21.0,,160.0,是,是,是,"NanocellFil, 华南理工纳米纤维素长丝",生物基全降解高刚度绿色汽车轻量化车身复合材料、环保可降解绿色防弹纤维、人造肌腱修复软组织,宏观连续拉丝速度达到50 m/min，比强度超越普通轻质合金，成为最具潜力的全生物源结构增强长丝
95,INORG_CERAMIC,先进连续陶瓷纤维,MULLITE-F,连续莫来石陶瓷纤维 (Mullite Fiber),Continuous Mullite Ceramic Fiber,化学计量比多晶莫来石 (3Al2O3·2SiO2),1302-93-8,第3代超高温抗蠕变陶瓷纤维,1970s,1980s,3M (Nextel 440) / 蔚蓝材料,溶胶-凝胶干法纺丝与1350℃精密相变热处理,产业用纺织品 (无机增强/电子玻纤/隔热防辐射),多晶硅酸铝(3Al2O3·2SiO2)致密针状共生截面,单丝直径 10 - 13 μm,"莫来石平纹机织布, 耐火隔热套管",白色细腻平滑、高温下高韧性耐折,纯白陶瓷原色,在 1300℃ 极端冷热骤变下不开裂不粉化，低导热蓄热小,耐反复热冲击抗疲劳,高温抗蠕变抗形变,莫来石机织布用于工业钢铁连续退火炉耐火帘、航天特种柔性隔热密封垫,无梭平纹机织机,耐特高温明火冲刷，免清洗,特种耐火隔热标准认证,3.05,7.0,2.1,220.0,1.0,0.0,100.0,1850.0,1300.0,否,否,是,"Nextel 440 (3M), 莫来石连续丝",航天飞机隔热瓦缝隙耐冲刷密封编织绳、高温工业燃烧炉微波加热衬套、航天防热微流星防护屏,极低热导率与极高热震稳定性，在1200℃以上连续服役抗蠕变性能保持世界领先
96,INORG_CERAMIC,先进连续陶瓷纤维,ZRO2-F,连续氧化锆耐火陶瓷纤维 (ZrO2纤维),Continuous Zirconia Ceramic Fiber,钇稳定四方晶相多晶氧化锆 (YSZ),1314-23-4,第3代耐极限超高温无机纤维,1960s,1974,Union Carbide (Zircar) / 中科院上海硅酸盐所,先驱体浸渍热解法(粘胶布载体浸渍锆盐烧结)或溶胶凝胶拉丝法,产业用纺织品 (无机增强/电子玻纤/隔热防辐射),纳米氧化钇全稳定四方相二氧化锆致密微晶 (直径 6-10 μm),陶瓷复丝长丝束,"极高温隔热布, 贵金属熔炼过滤网",纯白色、比重大 (密度约5.9 g/cm³ 极重沉手)、耐高温手感敦厚,纯白原色,熔点高达 2700℃，可在 2000℃ 强氧化甚至弱还原气氛中长期稳定服役，极难熔融,抗熔融钢水与铂金液态金属冲刷侵蚀,相变增韧微观效应，抗脆裂性极强,氧化锆机织滤布用于军工特种超纯高温合金熔体精炼过滤、航天核热火箭隔热层,特种精密剑杆机织,耐浓酸浓碱水热腐蚀,特级超高温材料国家战略准入,5.68,4.5,1.8,180.0,1.0,0.0,100.0,2700.0,2200.0,否,否,是,"Zircar Zirconia, 上硅所氧化锆纤维毡",超高温晶体生长炉(蓝宝石/单晶硅长晶炉)2000℃隔热绝热屏、核聚变托卡马克内壁绝热衬里、火箭发动机喷管极端防热层,纳米氧化钇微相稳定技术防止晶型高温相变粉化，长期耐受2000℃超高温氧化环境且蒸气压极低
97,SYN_DIFF_PET,差别化与功能性聚酯纺织纤维,COOLMAX,吸湿排汗异形截面聚酯纤维 (酷玛斯/导湿快干涤纶),Moisture-Wicking Cruciform Polyester Fiber (Coolmax),十字/四叶异形截面聚对苯二甲酸乙二醇酯,25038-59-9,第2代差别化功能纤维,1986,1987,DuPont (美国杜邦) / 现英威达 (Invista),异形喷丝孔熔融纺丝 + 亲水改性微纤化牵伸,服装用纺织品,十字形 / 四槽形 (Cruciform 4-channel cross-section) 连续凹槽毛细结构,1.0 - 2.2 dtex (短纤及吸排长丝),"DTY (75D/72f, 100D/144f 多微孔低弹丝), 环锭纺与涡流纺吸湿混纺纱",干爽透气、轻盈柔软、不粘肤、贴身运动不黏腻,高亲水改性分散染料中高温染色 (120-125℃)，严格防止过高温度破坏异形截面棱角结构,毛细管虹吸效应导湿极快，蒸发速率比纯棉快2倍以上，芯吸高度30分钟>120mm，剧烈运动保持体表干爽,抗起球 3-4 级；耐磨性能优良,良好回弹性与微弹恢复，洗涤多次不变形、不走样,Coolmax + 精梳棉 (50/50 运动T恤)；Coolmax + 羊毛 (50/50 高端滑雪保暖速干内衣)；加 5% 氨纶包覆,双面针织大圆机(内层排汗外层扩散蜂巢组织)、单面汗布、平纹高密运动经编面料,冷水或温水40℃机洗，极易快干；严禁使用含硅油柔顺剂（会堵塞毛细导湿微槽）；免熨烫,"OEKO-TEX Standard 100, HIGG Index, EcoMade (再生环保认证)",1.38,4.5,0.62,9.5,28.0,0.4,21.0,256.0,150.0,否,否,否,"Coolmax, Cooldry, Topcool, 排汗快干纤维",专业运动田径服、户外越野速干T恤、滑雪内衣、骑行服、军警高强度作训排汗内衣,产业技术成熟；向微细旦化（0.8-1.0 dtex）与循环再生原料（Coolmax EcoMade）全系迭代
98,SYN_DIFF_PET,差别化与功能性聚酯纺织纤维,THERMOLITE,中空轻量蓄热保暖聚酯纤维 (赛热美/中空保暖棉),Hollow Core Thermal Insulation Polyester Fiber (Thermolite),单孔/多孔中空结构聚对苯二甲酸乙二醇酯,25038-59-9,第2代差别化功能纤维,1986,1990,DuPont (美国杜邦) / 现英威达 (Invista),C型/同轴环缝喷丝孔熔融纺丝 (中空率20%-40%),服装用纺织品 / 家用纺织品,单孔中空 (Hollow) 或四孔/七孔中空截面，中空度 25%-40%,1.33 - 3.3 dtex (超柔中空短纤/絮片),高蓬松梳理絮片、三维立体螺旋卷曲保暖短纤维 (Staple for batting),轻盈蓬松、回弹性好如天然羽绒、触感柔和不刺痒,分散染料标准染色，大多用于夹层絮片或原液本白，无需深染,中空静止空气层具有极高绝热阻抗（克罗值 CLO 达 1.5-2.5），潮湿环境下保暖率不衰减（远胜湿水羽绒）,主要用于保暖夹层，外层防钻绒胆布包裹；耐反复挤压压缩恢复率>95%,三维螺旋卷曲提供经久不衰的蓬松压缩回弹性能,Thermolite + 羊毛 (保暖大衣夹层)；Thermolite + 极细羽绒 (50/50 仿生羽绒棉),热风粘合无纺絮片、梳理喷胶棉、超细针织双层保暖空气层,支持30℃轻柔机洗，脱水快干，洗后拍打即可恢复蓬松，不可高温烘干（建议<60℃）,"OEKO-TEX Standard 100 Class I, GRS认证",0.95,4.2,0.58,8.8,32.0,0.4,21.0,258.0,150.0,否,否,否,"Thermolite, 3M Thinsulate, 仿羽绒棉, 中空卷曲纤维",轻量羽绒服夹层絮片、户外冲锋衣保暖内胆、睡袋保暖絮棉、极寒防寒服、高回弹保暖被芯,实现多孔（四孔、七孔、九孔）三维立体螺旋卷曲中空与远红外陶瓷粉复合蓄热技术的融合
99,SYN_DIFF_PET,差别化与功能性聚酯纺织纤维,RPET,消费后循环再生聚酯纤维 (环保再生涤纶/rPET),Recycled Polyethylene Terephthalate Fiber (rPET),再生聚对苯二甲酸乙二醇酯,25038-59-9,第4代绿色循环纤维,1993,1995,"Wellman, Inc. / Unifi (Repreve) / 浙江佳人化学",瓶片物理法熔体直纺 或 废旧纺织品化学醇解/糖解重聚合纺丝,综合全领域,圆形 / 三角异形 / 粗细均匀度与原生PET相当,0.8 - 3.3 dtex (服装用)；5.0 - 15.0 dtex (箱包与汽车内饰),"FDY, DTY, POY, 再生聚酯短纤纱线",物理法再生手感与原生PET极度接近；化学法解聚再生与原生PET手感完全无异,分散染料标准高温高压染色 (130℃)，色差批次控制达 ΔE<0.5,快干免烫，回潮率 0.4%，疏水保形,抗起球 3 级；耐磨性极佳,弹性回复率>90%，抗皱保形,rPET + 有机棉 (60/40 环保卫衣/T恤)；rPET + 循环再生锦纶,针织卫衣布、抓绒布(Fleece)、经编网眼鞋面布、帆布箱包面料,常规机洗，耐洗耐磨，悬挂速干,"GRS (全球回收标准) 全链条追踪 TC 证书, OEKO-TEX Standard 100",1.38,4.6,0.63,10.0,26.0,0.4,21.0,255.0,150.0,否,否,否,"Repreve (Unifi), Eco-Fi, 佳人循环再生丝, 原生品质再生涤纶",国际一线品牌运动鞋面(Flyknit)、再生抓绒衣、环保双肩包、汽车内饰顶棚、可持续家纺床品,化学法废旧纺织品（Textile-to-Textile）闭环循环实现万吨级工业化，品质完全平替原生PET
100,SYN_DIFF_PET,差别化与功能性聚酯纺织纤维,DOPE-PET,原液着色环保色纺聚酯纤维 (免染低碳色丝/黑涤),Dope Dyed / Solution Dyed Polyester Fiber,母粒在线注入原液着色聚对苯二甲酸乙二醇酯,25038-59-9,第2代差别化绿色纤维,1970s,1980s,Toray (东丽) / 恒力石化 / 盛虹化纤,聚酯熔体注头添加色母粒熔融纺丝 (免去后道印染水洗工序),服装用纺织品 / 家用纺织品 / 产业用纺织品,圆形 / 三叶形,1.0 - 3.3 dtex (黑丝/全彩色色丝),"DTY (75D/36f, 150D/48f 黑丝低弹丝), FDY 色长丝",柔韧平滑，免去了常规坯布化学染色与高温煮炼，纤维强力保持完好，手感更加蓬松丰满,出厂自带颜色（原液共混着色），生产过程零耗水免印染，绝对无缸差、无批次色差,回潮率 0.4%，透气干爽,抗起球 3-4 级；极耐日晒风化,高弹性回复率，永久免烫,原液着色黑涤 + 白色棉纱 (黑白麻灰条纹针织)；与原液锦纶交织,圆机黑白条提花、户外牛津布喷水织造、汽车顶棚针刺,极耐高温洗涤，百次机洗不掉色，甚至可耐含氯消毒剂洗涤,"OEKO-TEX 100, 碳足迹核查认证, 绿色纤维标志",1.38,4.8,0.66,10.5,25.0,0.4,21.0,256.0,150.0,否,否,否,"Solution-Dyed Poly, 盛虹黑丝, 恒力原液色丝, 易色丝",汽车遮阳面料、户外帐篷伞面、高耐日晒窗帘、黑色高弹保暖裤、箱包织带、工业滤布,节水节能降碳达70%以上，全色谱微电脑在线调配熔体注色技术普及，色牢度达4.5-5级极值
101,SYN_DIFF_PET,差别化与功能性聚酯纺织纤维,FR-PET,永久阻燃共聚聚酯纤维 (阻燃涤纶/不熔滴聚酯),Flame Retardant Polyester Fiber (FR-PET),含磷/含卤共聚反应型阻燃聚对苯二甲酸乙二醇酯 (如CEPPA改性),60303-95-7,第2代差别化功能纤维,1976,1980,Hoechst (德国赫斯特，Trevira CS) / 杜邦,含磷阻燃单体共聚连续聚合熔融纺丝,家用纺织品 / 产业用纺织品,圆形,1.5 - 3.3 dtex (阻燃短纤及长丝),"DTY (阻燃低弹丝), 阻燃纯纺短纤纱 (20S-40S)",柔软垂坠、手感与普通优质涤纶完全一致，无传统表面涂层阻燃剂的粗硬发黏感,高温高压分散染料染色，阻燃元素（磷系）键合于分子主链，染色不影响阻燃性能,LOI 达 32%-35%，遇火自熄，离火不熔滴，烟密度极低且无毒,抗起球 3-4 级；耐磨性好,抗皱免烫，耐受长时间悬挂不走形,FR-PET + 阻燃粘胶 FR-CV (混纺兼具防火与吸湿透气手感),阻燃提花窗帘机织、高铁座椅经编天鹅绒、公共阻燃毛毯,可家庭标准水洗 50 次以上，阻燃效能零衰减；最高熨烫 130℃,"GB 20286 阻燃1级, DIN 4102 B1, NFPA 701, OEKO-TEX 100",1.39,4.2,0.58,9.2,28.0,0.4,33.0,252.0,140.0,否,否,否,"Trevira CS, 泰光FR涤纶, 圣润阻燃纤维, 耐火涤纶",星级酒店及公共剧场阻燃窗帘壁布、高铁与飞机客舱座椅蒙布、阻燃床上用品、工业阻燃防护服,无卤有机磷大分子共聚技术主导，燃烧离火自熄、无毒烟低析出、水洗50次阻燃性能零衰减
102,SYN_DIFF_PET,差别化与功能性聚酯纺织纤维,T400,聚酯双组分并列自卷曲高弹纤维 (T400高弹聚酯),PTT/PET Side-by-Side Bi-component Elastic Polyester (T400),聚对苯二甲酸丙二醇酯与聚对苯二甲酸乙二醇酯并列复合共聚物 (PTT/PET),25038-59-9 / 26590-75-0,第2代差别化弹性纤维,1998,2001,DuPont (美国杜邦) / 英威达 (Invista),双螺杆挤出复合喷丝孔并列熔融纺丝 + 差速差异热收缩诱导螺旋三维卷曲,服装用纺织品,雪人形 / 哑铃形并列双组分 (PTT/PET Side-by-Side),50D / 75D / 150D 并列复合长丝,自卷曲高弹丝 (取代常规加捻包覆氨纶的复合弹性丝),滑爽干爽、自然弹性包裹、透气轻盈，无氨纶的沉重与闷湿感,分散染料 120-125℃ 染色（PTT组分上染快，兼顾二者收缩平衡），色牢度高,微孔导湿，快干透气，出汗不黏身,抗起毛起球可达 4 级；耐磨性卓越,热湿处理后分子构象自发形成永久螺旋弹簧卷曲，弹性拉伸达 20%-35%，回复率>95%,T400 + 精梳棉 (高档免烫舒适弹力衬衫面料)；T400 + 粘胶 (悬垂弹力西裤),喷气织机高密机织衬衫布、斜纹牛仔布经纬向弹力织造、纬编弹力面料,耐反复剧烈机洗与烘干，耐高温熨烫（150℃），耐漂白剂洗涤不老化断裂,"OEKO-TEX Standard 100, 部分采用生物基PDO原料 (Sorona)",1.36,3.8,0.52,6.5,35.0,0.5,21.0,240.0,140.0,否,否,否,"Lycra T400, Elastomultiester, PTT/PET复合高弹丝, 舒弹丝",高弹舒适牛仔面料、免烫弹性衬衫、轻户外弹力裤、西裤面料、风衣面料（替代部分氨纶）,全面解决传统氨纶耐氯漂差、易老化断丝及不易回收痛点，成为高档机织弹力面料第一核心纱线
103,SYN_MICRO,超细旦与双组分复合开纤纺织纤维,SEA-ISLAND,定岛型海岛复合超细纤维 (超细纤维/麂皮绒母体),Sea-Island Conjugate Microfiber (Island-in-the-Sea),PET岛组分包覆于改性水溶共聚酯或碱溶海组分,25038-59-9,第2代差别化超细纤维,1970,1972,Toray (日本东丽 / 冈本三宣博士开发 Alcantara / Ultrasuede),复合多孔分配板海岛复合熔融纺丝 + 织造后碱减量/水溶脱海开纤 (单丝0.001-0.05 dtex),服装用纺织品 / 家用纺织品 / 产业用纺织品,定岛型海岛复合截面 (开纤前为多岛包覆圆形；开纤脱海后为成百上千根 0.001-0.05 dtex 超微细圆形单丝),单丝直径 0.5 - 3.0 μm (单纤细度 0.001 - 0.05 dtex 极度微细化),海岛定岛短纤 (针刺无纺基布) / 海岛复合长丝 (高档仿麂皮绒经编/机织丝),软糯如高档小羊皮与天鹅绒、触感温润微绒感、极度丰满细腻、悬垂柔滑,开纤后比表面积巨大，需采用高上染率超细专用分散染料染色，固色处理需充分,微孔透气透湿、阻隔风雨，真皮般的呼吸透气感，吸水性与保暖性兼备,耐磨性极高（马丁代尔耐磨>10万次），抗撕裂强力远超真皮,聚氨酯微孔浸渍固化后具备三维网状仿天然真皮胶原纤维的回弹性,海岛超细纤维三维无纺布 + 弹性水性聚氨酯浸渍 (标准Alcantara汽车麂皮绒工艺),经编双针床天鹅绒、三维针刺浸渍磨毛非织造布、喷气缎纹机织仿麂皮,可直接水洗机洗（天然真皮无法水洗！），耐真菌霉变，防日光暴晒硬化,"OEKO-TEX Standard 100 Class II, 碳中和Alcantara体系认证",1.38,3.6,0.5,8.5,30.0,0.4,21.0,256.0,140.0,否,否,否,"Alcantara, Ultrasuede, 人工麂皮绒, 华峰超纤, 双象超纤",顶级豪车Alcantara内饰翻毛皮、高档服装仿麂皮绒、超纤人工皮革、电子抛光洁净布、高密透气防羽面料,定岛数从早期37岛、64岛突破至200岛以上，岛单丝细度达0.005 dtex纳米级，手感逼真超越天然羊绒
104,SYN_MICRO,超细旦与双组分复合开纤纺织纤维,SPLIT-PET-PA,裂片型涤锦复合开纤超细纤维 (橘瓣型高效洁净微纤),Orange-Wedge Splittable PET/PA Conjugate Microfiber,聚对苯二甲酸乙二醇酯与聚酰胺6交替橘瓣裂片复合体,25038-59-9 / 25038-54-4,第2代差别化复合纤维,1974,1980,Kanebo (日本钟纺，Belima X) / Teijin,双组分8瓣/16瓣辐射橘瓣复合熔融纺丝 + 高压水刺或化学机械力开纤,家用纺织品 / 产业用纺织品,橘瓣相间裂片形 (8瓣/16瓣交替辐射，开纤后呈尖锐楔形刀锋状截面),开纤后单丝细度 0.1 - 0.2 dtex,"DTY (75D/36f×8瓣 = 288根微纤低弹丝), 涤锦复合水刺无纺布",亲水柔滑、吸附手感强、抓握不滑手、柔软亲肤,双组分染色：分散染料染涤 + 酸性/中性染料染锦，可染双色或同色深黑/亮色,微细楔形截面毛细管效应极强，吸水速度<1秒，吸水量可达自重7倍以上,耐磨性高，刀锋微细结构能轻易刮除微米级指纹与油渍而不伤镜面,良好回弹，抗揉搓,涤锦复合丝与氨纶交织 (高弹紧致吸水干发巾/沐浴袍),高密经编毛圈机(毛巾面料)、圆机针织双面布、水刺开纤无纺布,耐40-60℃水洗，忌加柔软剂（柔软剂会填平微细毛细缝隙降低吸水性）,OEKO-TEX Standard 100,1.25,3.9,0.49,7.8,32.0,1.8,22.0,220.0,130.0,否,否,否,"Belima X, 涤锦复合丝, 橘瓣超细纤维, 洁净魔布",高端超细纤维干发巾、高吸水速干毛巾、无尘室精密光学擦拭布、高密户外防风透湿滑雪服,水刺高速连续开纤率>98%，单丝裂开后线密度达0.1-0.2 dtex，吸水倍率达自重7倍以上
105,SYN_PA,脂肪族与半芳香族聚酰胺纤维,MICRO-PA,锦纶超细旦长丝与触感凉感微纤 (冰爽防晒尼龙/微细锦纶),Microfiber Nylon Filament & Cool-Touch Polyamide (Micro-PA),纳米云母/玉石粉共混或超细微旦聚酰胺6长丝,25038-54-4,第2代差别化功能纤维,1990,1995,Toray (日本东丽) / 华鼎锦纶 / 锦江科技,"超高精密喷丝组件微孔高速熔融纺丝 (单丝细度<0.8 dtex, 15D/24f, 20D/36f)",服装用纺织品,扁平微孔 / 超细微孔圆形 / 掺杂纳米矿石微晶截面,"0.3 - 0.8 dtex (超细微旦，如 15D/24f, 20D/36f)","极细旦FDY长丝, 高精密针织低弹丝",触手生凉、轻若无物如烟似雾、丝般极度柔滑、第二层肌肤触感,特种弱酸性匀染染料温和染色，需精确控温防条花，染后色泽润泽柔美,接触瞬时凉感系数 q_max > 0.28 J/(cm²·s)，体感瞬降 2-3℃，防紫外线 UPF 50+,抗起球 3-4 级；耐磨性能出众，防勾丝需做专门组织设计,高弹性紧随人体曲线自如伸缩，无束缚压迫感,微细锦纶 + 耐氯氨纶 (75/25 裸感高腰瑜伽裤)；微细锦纶单织超轻防晒皮肤衣,超高针距圆机(36G-44G 高密针织大圆机)、经编双针床超薄防透面料,轻柔冷水机洗（建议套洗衣袋防勾丝），阴凉处悬挂速干，严禁暴晒,OEKO-TEX 100 Class I (母婴贴身安全级),1.14,5.2,0.59,4.2,36.0,4.5,22.0,220.0,120.0,否,否,否,"Meryl, Tactel, 冰爽锦纶, 冰蚕丝, 锦江超细旦FDY",夏季UPF50+防晒衣、冰丝防晒袖套、无缝高弹瑜伽裤、超薄贴身内衣、高端轻薄羽绒服防钻绒面料,接触瞬时凉感系数 q_max 达 0.28 J/(cm²·s) 以上，极细旦单丝可达 0.3 dtex，触感如丝绸与第二层皮肤
106,SYN_PA,脂肪族与半芳香族聚酰胺纤维,CORD-PA66,汽车安全气囊与骨架高强锦纶66工业丝 (气囊丝/轮胎帘线),High-Tenacity Nylon 66 Industrial Yarn & Airbag Filament,高相对分子量聚己二酰己二胺,32131-17-2,第2代工业高性能纤维,1938,1950,DuPont (杜邦) / 平顶山神马实业 / 奥升德 (Ascend),高粘熔体直纺 + 高倍多道热拉伸取向固化,产业用纺织品,圆形高取向实心,1000D - 2000D (多股并捻工业高强浸胶线),"高取向浸胶帘线 (Dipped Cord Yarn), 高强并股丝",高强坚硬、无明显服装悬垂性，专为工业力学与承压防爆设计,原液着色或本白工业级直接使用，无需服装印染,在极高冲击拉伸下具有最大的瞬间应力-应变韧性吸收功,极高冲击耐受力与耐动态反复疲劳屈折寿命,受冲击伸长率吸收动能后能自如回弹,RFL (间苯二酚-甲醛-胶乳) 浸胶固化与橡胶基体复合,重型喷气织机高密平纹气囊布、轮胎帘子布直向排线机,耐机油、耐汽油、耐受汽车全生命周期15年温湿度严苛老化测试,"ISO/TS 16949 汽车工业体系认证, RoHS",1.14,8.5,0.97,6.8,18.0,4.5,24.0,260.0,135.0,否,否,是,"Shenma PA66 Cords, Ascend Airbag Yarn, 帘子线",汽车正面/侧面头部防撞安全气囊、重载航空子午线轮胎帘子布、高冲击吸收安全防坠绳网,具备极高的高温瞬时冲击功吸收率与低动态透气性，气囊爆开过程不熔穿、防灼伤乘员
107,REG_DIFF_CELL,差别化与功能性再生纤维素纺织纤维,FR-CV,永久阻燃再生纤维素纤维 (阻燃粘胶短纤/兰精FR),Inherently Flame-Retardant Viscose Rayon Fiber (Lenzing FR),共混磷-氮系阻燃剂的高纯度再生纤维素,68442-85-3,第2代差别化功能人造纤维,1978,1983,Lenzing AG (奥地利兰精公司),湿法纺丝中在纤维素黄原酸酯纺丝原液中掺混双(2-氯乙基)磷酸酯等共混固化,服装用纺织品 / 产业用纺织品,锯齿形边缘，内含亚微米级有机磷阻燃粒子,1.7 - 2.2 dtex (短纤阻燃人棉),阻燃混纺精梳纱线 (20S-40S),柔软干爽、高吸湿透气，无任何合成阻燃纤维的闷热刺痒感,活性染料或还原染料深层固色染色，阻燃剂分子永久结合在微纤中不脱落,回潮率 12.0%，LOI 达 30%-32%，高温遇到火焰碳化形成致密隔热屏障，不熔不滴,抗起球 4 级；贴身无刺激性,抗皱平顺，耐穿保形,Lenzing FR 65% + 芳纶对位/间位 35% (军警热防护与防电弧终极舒适黄金搭档),重型阻燃防护面料机织、防电弧内衬针织、民航阻燃地毯与座套,耐工业高温洗涤与消毒，阻燃性能永久存续；耐受熨烫 150℃,"OEKO-TEX Standard 100, EN ISO 11612, NFPA 2112",1.52,2.4,0.36,6.2,18.0,12.0,30.0,,160.0,是,是,否,"Lenzing FR, Viscose FR, 阻燃粘纤, 唐山三友阻燃纤维",军警消防野战服隔热阻燃内衬、防电弧工作服面料(与芳纶混纺)、民航及动车座椅阻燃隔热垫,天然亲肤透气回潮率高达12%，彻底解决芳纶等合成阻燃纤维吸湿排汗差、穿着闷热刺痒问题
108,REG_DIFF_CELL,差别化与功能性再生纤维素纺织纤维,MICRO-CMD,超细旦高湿模量莫代尔纤维 (微莫代尔/MicroModal),Micro-Denier High Wet Modulus Modal Fiber (MicroModal),欧洲榉木浆粕制备高湿模量超细再生纤维素,68442-85-3,第2代差别化纤维,1990,1992,Lenzing AG (奥地利兰精),改性缓凝固低酸高牵伸湿法纺丝 (单纤细度 0.8-1.0 dtex),服装用纺织品,圆润均匀微型截面 (Micro-Modal 均质纤芯),0.8 - 1.0 dtex (超细微旦莫代尔),紧密纺高支纱 (80S-120S 极致高支精细纱线),羽毛般轻盈、婴儿肌肤般的贴肤抚触、极致丝滑软糯、极度柔顺,高环保活性染料染色，手感不发硬，色光纯净温润,高湿模量超微细单丝加速毛细吸湿，夏季透气不闷汗，冬季贴身无冰冷感,抗起球 3-4 级，多次水洗手感持久如新,随身柔顺贴合，洗后悬垂不易变形,MicroModal 90% + 氨纶 10% (高档轻奢无痕无钢圈内衣),高支高密大圆机、无痕贴合无缝机织造,机洗轻柔档或手洗，水温 30-40℃，平铺晾干,OEKO-TEX Standard 100 Class I (婴童A类直接贴肤),1.52,3.6,0.55,7.5,14.0,12.5,19.5,,120.0,是,是,否,"MicroModal, TENCEL Modal Micro, 兰精微莫代尔",高端轻奢无痕贴身内衣、奢华轻薄吊带裙、莫代尔空气层面料、超柔婴儿连体衣、高端床品套件,比真丝更细腻软糯，多次水洗后仍保持羽毛般轻盈悬垂手感，不泛灰、不硬化
109,REG_DIFF_CELL,差别化与功能性再生纤维素纺织纤维,LYOCELL-LF,低原纤化交联抗起毛莱赛尔纤维 (天丝LF/A100),Low-Fibrillation Cross-linked Lyocell Fiber (Tencel LF / A100),经双功能活性交联剂化学改性低原纤化再生纤维素,261013-00-1,第2代差别化绿色纤维,1997,2000,Acordis (英国考陶尔兹) / Lenzing AG (兰精),NMMO溶剂法纺丝水洗凝固阶段施加活性交联化学定型,服装用纺织品 / 家用纺织品,圆润规整光滑截面 (分子间化学微交联固化结构),1.33 - 1.5 dtex,紧密纺低毛羽免烫纱线 (40S-80S),表面光洁无毛羽灰霜、光泽清亮雅致、挺括垂顺兼备、触感冰润,活性染料均染性好，深色染色不发白、不发花，多次水洗色泽鲜亮,回潮率 11.5%，极佳亲肤吸汗透气，抑菌无异味,彻底消除了天丝在湿热摩擦下的原纤化起毛白霜问题，抗起球达 4 级,尺寸稳定性高，机洗缩水率<2%，免烫抗皱性能优异,Lyocell-LF + 长绒棉 (高档免烫商务正装衬衫)；Lyocell-LF 100% 高密机织床品,高档免烫男式衬衫喷气机织、高档针织T恤大圆机,支持家庭标准机洗，洗涤后无需复杂熨烫，耐磨耐洗寿命长,"OEKO-TEX Standard 100 Class I, EU Ecolabel",1.5,4.5,0.68,12.0,13.0,11.5,20.0,,130.0,是,是,否,"Tencel LF, Tencel A100, 交联型天丝, 低原纤化莱赛尔",高端男士商务免烫衬衫、天丝光泽牛津纺、易护理针织T恤、高密家纺天丝四件套、四季外穿裤料,从根本上锁止了莱赛尔在湿热摩擦下的“起白霜、起绒毛”现象，机洗水洗抗起球级数由常规2级跃升至4级
110,REG_DIFF_CELL,差别化与功能性再生纤维素纺织纤维,SPUNLACE-CV,高吸水非织造水刺专用高纯粘胶短纤 (水刺人棉/洗脸巾基材),High-Absorbency Spunlace Nonwoven Viscose Staple Fiber,脱硫脱油高白度低残硫再生纤维素,68442-85-3,第2代差别化非织造人造纤维,1985,1990,Courtaulds / Lenzing / 赛得利 (Sateri),高洁净黄原酸酯湿法纺丝 + 纯物理水针刺开纤纠缠相容性处理,家用纺织品 / 产业用纺织品,多微孔锯齿形，高洁净无油剂残留,1.33 - 1.67 dtex × 38mm (水刺专用短纤),高纯水刺非织造布纤网 (Spunlace Nonwoven Web),棉柔如云、柔润亲水、湿水不散不僵硬、触肤零刺激,本白无荧光直接使用，或水溶环保色浆微印花,瞬间吸水倍率达 9-10 倍自重，锁水能力强，擦拭不掉絮、不留红印,水针高压纠缠紧密，耐反复拉扯，湿态抗撕裂强力优异,柔软服帖，贴合面部轮廓（面膜基布）,水刺粘胶 80% + 聚酯短纤 20% (增加抗拉强力)；或 100% 纯粘胶 (100% 可降解湿厕纸),高压纯水水刺非织造生产线 (Spunlace Lines),一次性使用或多次擦拭清洗，自然掩埋 4-8 周自然降解为水与CO2,"可冲散可生物降解认证, 欧洲EDANA无纺布卫生认证, OEKO-TEX 100 I类",1.51,2.5,0.38,6.0,21.0,13.5,19.5,,120.0,是,是,否,"EcoCosy (赛得利优可丝), Lenzing Viscose Spunlace, 纯水刺人造棉",一次性纯棉感洗脸巾、医用手术吸血纱布、高吸水婴儿柔巾、可冲散降解湿厕纸、面膜基布,无氯漂白、荧光增白剂零添加，吸液倍率达自重 900% 以上，水冲散生物降解周期小于4周
111,SYN_PAN,聚丙烯腈系纤维 (腈纶),BULK-PAN,高膨体仿羊绒改性聚丙烯腈纤维 (膨体腈纶/德绒型发热腈纶),High-Bulk Cashmere-like Acrylic Fiber (Bulked Acrylic / Dralon-type),丙烯腈与醋酸乙烯酯/甲基丙烯酸甲酯共聚物之热收缩差异混配长丝/短纤,25014-41-9,第2代差别化仿天然毛纤维,1954,1960,Bayer (德国拜耳，Dralon德绒) / DuPont (Orlon),高收缩率(收缩率20%-30%)与低收缩率腈纶条混合汽蒸热收缩，强迫低收缩纤维屈曲膨胀,服装用纺织品,双组分偏心或狗骨形截面，立体高曲折微空气槽,1.33 - 3.0 dtex (超细膨体短纤及纱线),"膨体腈纶纱 (Bulked Acrylic Yarn), 德绒无痕发热纱",仿羊绒软糯丰盈感、贴肤即热、柔滑无刺痒、轻盈空气感体感,阳离子染料低温深染，具有丝绸与羊绒交融的光泽度,膨体后纤维间静止空气容量扩大 30%，微气候自发热升温 2-4℃，轻量锁温保暖,特殊抗起球改性使得抗起球等级提升至 3-4 级,膨体卷曲具有持久弹性形变恢复力，不易板结扁塌,膨体德绒腈纶 40% + 莫代尔 40% + 氨纶 20% (爆款自发热轻薄保暖内衣黄金标配),双面磨毛针织大圆机、高密无痕贴合内衣面料机,机洗轻柔模式，中性洗涤剂，自然晾干，避免明火接触,"Dralon 原厂认证, OEKO-TEX Standard 100",1.17,3.0,0.35,6.5,38.0,2.0,20.0,,125.0,否,否,否,"Dralon (德国德绒), Cashmilon, 膨体腈纶纱, 仿羊绒腈纶",德绒无痕自发热保暖内衣、仿羊绒毛衣、高膨体针织披肩、毛毯、人造毛皮外衣、仿马海毛开衫,狗骨形（哑铃形）异形截面蓄涵微细静止空气层，保暖率比羊毛提高15%，蓬松软糯感媲美克什米尔羊绒
112,SYN_PU,聚氨酯与弹性聚合物纤维,CHLOR-SP,耐氯抗日光老化高弹氨纶 (耐氯氨纶/高回弹泳装专用氨纶),Chlorine-Resistant & Anti-Aging High Elastic Spandex,聚四亚甲基醚二醇(PTMG)与二苯基甲烷二异氰酸酯(MDI)接枝位阻胺抗氯稳定剂聚氨酯,61788-71-4,第2代差别化高弹性纤维,1985,1990,DuPont / Invista (Lycra T-275C) / 华峰化学 (千禧耐氯氨纶),干法纺丝注头添加氧化镁/水滑石固氯剂及位阻酚紫外稳定剂,服装用纺织品,多微孔并合长丝，内部含有微米级活性固氯水滑石结构,20D - 70D (泳装及运动高弹长丝),"空气包覆纱 ACY, 经编用裸丝",高张力回弹、紧致包裹、抗松垮衰退、下水不增重、贴合减阻,耐受更长时间的酸性及分散染料高温染色固色，不发生脆化降解,即使在强氧化性次氯酸消毒水环境下，高回弹性依然保持稳定,耐受海滩砂石摩擦与剧烈伸缩疲劳，抗起泡防透光,抗氯水侵蚀寿命为普通氨纶的 5-10 倍，拉伸回弹持久不松弛,耐氯氨纶 20% + 超细微旦锦纶66 80% (国际专业竞技级泳衣标准),高速经编机 (Karl Mayer 经编机 32G-40G)、高弹四面弹针织机,泳池游泳后冷水彻底冲洗即可，耐洗涤剂，阴凉平摊晾干,"OEKO-TEX Standard 100, creora highclo 认证",1.2,1.1,0.13,0.05,520.0,1.2,19.0,230.0,120.0,否,否,否,"Lycra Xtra Life, 千禧耐氯氨纶, 晓星creora highclo",专业竞技游泳衣、海滩防晒冲浪服、耐高温定型高弹无缝内衣、运动紧身弹力裤、耐洗牛仔包芯纱,在含有效氯50mg/L的泳池浸泡100小时强力保持率>85%，彻底解决传统氨纶起泡、松弛溃散的痛点
113,SYN_PO,聚烯烃系纤维,MB-PP,熔喷医卫级驻极超细聚丙烯纤维 (医用口罩过滤层/熔喷布专用料),Meltblown Electret Superfine Polypropylene Fiber (MB-PP),超高熔融指数(MFI 1500 g/10min)可控降解均聚聚丙烯,9003-07-0,第2代工业防护非织造纤维,1970,1980,ExxonMobil (埃克森美孚) / 3M,超高速高温热空气流喷射熔融纺丝拉伸自粘合 + 电晕/水驻极电荷加载 (单丝直径 1-3 μm),产业用纺织品,三维随机杂乱交错微纳米超细圆棒结构 (纤维直径 1-3 μm),单丝直径 1.0 - 3.0 微米 (超细微米非织造纤网),"驻极熔喷非织造布 (Meltblown Electret Nonwoven Fabric, 25-50 g/m²)",纸状细腻柔韧、微孔孔径致密 (微孔孔径 1-10 μm)、轻量无感,医卫标准本白直接应用，无任何化学染料添加,超大比表面积与电荷陷阱微结构，依靠静电库仑力高效吸附微小飞沫与病毒,内置于口罩中层或复合SMS面料内层，不外露受磨,柔性自粘合纤网，耐呼吸气流阻力压差,纺粘无纺布(外层阻水) + 驻极熔喷布(中层过滤) + 亲肤无纺布(内层吸湿) 构成标准SMS结构,超临界高速多模头熔喷喷丝成网机,常规医用口罩为一次性防护用品，受潮或水洗会使驻极静电荷消散丧失防护能力,"YY 0469 医用标准, NIOSH N95 认证, CE EN 149",0.91,1.8,0.16,1.5,50.0,0.05,18.0,165.0,90.0,否,否,否,"Exxpro, 中石化熔喷料, 3M Filtrete, 驻极熔喷布",N95/KN95防微粒口罩、YY 0469医用外科口罩病毒飞沫过滤中间层、空气净化器HEPA滤网、汽车空调微尘滤芯,水驻极超净带电技术使静电荷寿命储存突破5年，低阻力(吸气阻力<60Pa)下实现0.075μm微粒拦截率>99.9%
114,EMG_TEXTILE_FUNC,现代健康舒适与防护功能性纺织纤维,GRAPHENE-TF,石墨烯改性多功能纺织纤维 (石墨烯蓄热抑菌复合纤维),Graphene-Modified Functional Textile Fiber,少层石墨烯微片共混聚酯/聚酰胺/再生纤维素复合纤维,1034343-98-0,第4代前沿功能纺织纤维,2010,2016,中国纺织科学研究院 / 恒神股份 / 圣泉集团,石墨烯原位聚合熔融纺丝 或 高分散母粒溶液混纺 (掺杂量 0.5wt%-2.0wt%),服装用纺织品 / 家用纺织品,多微孔异形，纳米石墨烯微片均匀锚定在基体微纤中,1.33 - 3.0 dtex,"石墨烯改性复合粘胶/涤纶短纤纱 (32S-60S), 石墨烯长丝",柔软顺滑、自带温润微灰/碳灰色泽、手感丰满亲肤,可原色免染或拼染深色系，深色牢度好,发射 4-14 μm 生命光波远红外线，体表温升升温 2-3℃，微循环理疗保暖,抗静电半衰期<1秒，灰尘微粒不易附着，抗起球 3-4 级,良好回弹与抗皱性,石墨烯改性纤维 30% + 精梳棉 65% + 氨纶 5% (健康抑菌保暖内衣与运动袜),针织内衣汗布、保暖卫衣布、家纺理疗床垫机织,常规水洗机洗，长效纳米共混不脱落，抗菌与发热效能长期稳定,"AAA级长效抗菌认证, 远红外发射率认证, OEKO-TEX 100",1.39,4.6,0.64,11.2,24.0,0.8,23.0,255.0,150.0,否,否,否,"内暖 (圣泉集团), 烯晶纤维, 石墨烯导热纤维",远红外升温保暖内衣、抗静电防尘服、抑菌防臭运动袜、石墨烯健康理疗床垫、低温蓄热防寒服,远红外法向全发射率>0.89，体感温升2-3℃，耐水洗50次金黄色葡萄球菌与大肠杆菌抑菌率>99%，抗静电半衰期<1s
115,EMG_TEXTILE_FUNC,现代健康舒适与防护功能性纺织纤维,AG-ANTI-F,纳米银离子长效广谱抗菌抗病毒纺织纤维 (银离子抗菌纤维),Nano-Silver / Copper Ion Long-Acting Antibacterial Textile Fiber,磷酸锆载银纳米晶体熔体共混聚酯/锦纶复合纤维,7440-22-4,第2代差别化功能纤维,1998,2003,Milliken (美国密立肯，AlphaSan) / 鲁泰纺织 / 华峰,超微细载银无机微粉高分散注入基体熔融复合纺丝,服装用纺织品 / 家用纺织品 / 产业用纺织品,圆形皮芯复合，纳米银晶体载体均匀弥散,1.5 - 2.5 dtex,"长丝FDY/DTY, 纯纺与混纺抗菌短纤纱",手感与正常棉/涤无异，清爽无异味，贴肤舒适,可正常进行分散或活性染色，无机载银粒子耐受常规染整高温,强效抑制导致汗臭的革兰氏阳性/阴性细菌，从根源消除汗臭与异味,抗起球 3-4 级；耐磨寿命与基体树脂完全一致,形态回复好，多次机洗不走形,载银纤维 10%-20% + 精梳棉 75% + 氨纶 5% (7天防臭免洗运动袜与野战服),专业运动袜机、针织内衣机、医用防护服机织,常规机洗，耐洗涤 50-100 次，广谱抑菌率仍稳定在 99% 以上,"GB/T 20944 抗菌认证, 瑞士 Sanitized 认证, OEKO-TEX 100",1.38,4.4,0.61,9.0,27.0,0.5,21.0,255.0,150.0,否,否,否,"X-Static, AlphaSan, 洁尔爽抗菌纤维, 银离子色丝",医院ICU医护工作服与床品、抗菌防臭运动袜、贴身内衣、军警野战长效防汗臭服装、公共交通座套,非溶出型内嵌缓释技术，银离子缓慢微量释放，耐家庭洗涤100次后对白色念珠菌抑菌率依然>98%，无细胞毒性
116,EMG_TEXTILE_FUNC,现代健康舒适与防护功能性纺织纤维,UHMWPE-COOL,接触瞬凉超高分子量聚乙烯凉感纺织纤维 (极凉冷感高强微纤),Cool-Sensing Ultra-High Molecular Weight Polyethylene Textile Fiber,高热导率超高分子量聚乙烯 (凝胶纺丝纺织细旦化长丝),9002-88-4,第3代高性能民用化纤维,2015,2019,DSM (帝斯曼) / 九州星际 / 中泰特种装备,高挥发环保溶剂凝胶纺丝 + 超大倍率热拉伸使大分子链高度伸直结晶化,服装用纺织品 / 家用纺织品,微扁平高光滑圆形 (高热导分子定向排列),50D - 200D (细旦纺织服用长丝),"低旦超柔长丝, 凉感复合纱",触手极冰爽、滑爽如冰蚕丝、丝滑贴肤、透气不黏腻,原液冰白或浅灰浅蓝着色，无需高温水染,接触凉感系数 q_max 达 0.38-0.45 J/(cm²·s) (行业天花板)，吸热散温极快,耐磨性极高，防钩丝抗起球 4-5 级,高强韧性抗拉扯，机洗百次不变形,UHMWPE 凉感丝 40% + 莫代尔/天丝 60% (夏日冰凉乳胶席与夏凉被面),双面提花大圆机、高密经编凉席面料,常温轻柔机洗，快速甩干阴凉处悬挂速干，严禁暴晒烘干与熨烫,"GB/T 35263 凉感顶级认证, OEKO-TEX 100",0.97,30.0,2.91,95.0,3.5,0.0,17.5,145.0,80.0,否,否,是,"Cooler (帝斯曼凉感纤维), 冰晶超高强丝, 凉霸纤维",夏季高端冰凉乳胶席、瞬间冷感夏被被面、高强防割凉感工作手套、降温防晒摩托车骑行服,由于分子链取向极高，轴向导热系数高达20 W/(m·K)，接触凉感系数 q_max 突破 0.40 J/(cm²·s)，为普通棉的4倍
117,EMG_TEXTILE_FUNC,现代健康舒适与防护功能性纺织纤维,ARAMID-WORK,芳纶防电弧与热防护纺织特种纱 (诺梅克斯IIIA防护服纱线),Nomex IIIA Heat & Arc Flash Protective Textile Blend Yarn,间位芳纶(PMIA 93%) + 对位芳纶(PPTA 5%) + 导电碳芯锦纶微丝(2%) 紧密赛络共纺纱,25765-47-3 / 26125-61-1,第3代高性能防护纺织品,1972,1975,DuPont (杜邦公司),短纤维精梳清花 + 紧密赛络纺 (Compact Siro Spinning) 纺制双股低毛羽纱线,产业用纺织品,紧密赛络纺双股纱，PMIA/PPTA/碳导电微丝三合一紧密纠缠,"24S/2, 30S/2, 40S/2 工业高强阻燃纱线",紧密赛络双股机织纱 (Compact Siro-Spun 2-ply Yarn),干爽坚实、抗撕裂骨感好、穿着挺括平顺、透气不闷热,出厂原液着色 (藏青、亮橙、深黑、皇家蓝)，色彩永不退色,LOI 达 31%-33%，瞬间抗电弧评级 (ATPV 达 8-12 cal/cm²)，爆燃不破洞、不收缩,耐磨循环次数>50000次，撕破强力>100N,抗皱免烫，防静电点对点电阻 10^5 - 10^7 Ω，防止静电火花,配方已固化为 93%间位芳纶 + 5%对位芳纶 + 2%静电导电丝,喷气织机高密斜纹、方格防撕裂(Ripstop)机织工装布,可耐工业重度水洗与烘干，严禁使用含次氯酸钠漂白水,"NFPA 2112, NFPA 70E (防电弧等级2级), GB 8965.1 阻燃最高A级认证",1.38,5.0,0.69,18.0,22.0,5.5,31.0,,220.0,否,否,是,"Nomex IIIA, 泰和新材美士达防护纱, Kermel, 芳纶阻燃服纱",石油钻井与石化开采防爆阻燃防静电服、电网带电作业防电弧面料、消防灭火战服外层、F1赛车手防爆防火赛车服,国际石化电力防护第一标杆；遭遇瞬间强电弧及爆燃火球时，对位芳纶骨架防止织物破裂熔穿，碳化增厚阻隔热通量
